,date,event,date0,week,year,week_of_year
2,2013-02-01,Non Farm Payrolls JAN 2013,9:30 AM,5,2013,201305
4,2013-02-25,Fed Lockhart speech ,8:00 PM,9,2013,201309
6,2013-02-26,Consumer Confidence,11:00 AM,9,2013,201309
8,2013-02-27,Fed Richard Fisher speech ,5:30 PM,9,2013,201309
10,2013-02-28,Continuing Jobless Claims,9:30 AM,9,2013,201309
11,2013-02-28,FOMC Member Raskin Speech ,1:30 PM,9,2013,201309
12,2013-02-28,Fed Evans Speech ,9:00 PM,9,2013,201309
14,2013-03-01,Personal Spending MoM,9:30 AM,9,2013,201309
15,2013-03-01,ISM Prices Paid,11:00 AM,9,2013,201309
17,2013-03-04,FOMC Member Yellen Speech ,9:00 AM,10,2013,201310
18,2013-03-04,ISM New York index FEB 2013,10:45 AM,10,2013,201310
20,2013-03-05,ISM Non-Manufacturing PMI FEB 2013,11:00 AM,10,2013,201310
22,2013-03-06,Philadelphia Fed Plosser speech ,9:15 AM,10,2013,201310
24,2013-03-08,Non Farm Payrolls FEB 2013,9:30 AM,10,2013,201310
26,2013-03-13,Retail Sales MoM FEB 2013,8:30 AM,11,2013,201311
28,2013-03-14,Continuing Jobless Claims 04/MAR-08/MAR,8:30 AM,11,2013,201311
30,2013-03-15,Inflation Rate MoM FEB 2013,8:30 AM,11,2013,201311
31,2013-03-15,Consumer Price Index Ex Food & Energy (MoM) FEB 2013,8:30 AM,11,2013,201311
32,2013-03-15,Consumer Price Index Ex Food & Energy (YoY) FEB 2013,8:30 AM,11,2013,201311
33,2013-03-15,Inflation Rate YoY FEB 2013,8:30 AM,11,2013,201311
35,2013-03-26,Durable Goods Orders MoM FEB 2013,8:30 AM,13,2013,201313
37,2013-03-28,GDP Price Index Q4 2013,8:30 AM,13,2013,201313
38,2013-03-28,Continuing Jobless Claims MAR 17,8:30 AM,13,2013,201313
40,2013-03-29,Personal Spending MoM FEB 2013,8:30 AM,13,2013,201313
42,2013-04-01,ISM Prices Paid MAR 2013,10:00 AM,14,2013,201314
44,2013-04-02,ISM New York index MAR 2013,10:45 AM,14,2013,201314
46,2013-04-03,ISM Non-Manufacturing PMI MAR 2013,11:00 AM,14,2013,201314
48,2013-04-05,Balance of Trade FEB 2013,9:30 AM,14,2013,201314
49,2013-04-05,Non Farm Payrolls MAR 2013,9:30 AM,14,2013,201314
51,2013-04-10,Federal Budget Balance MAR 2013,3:00 PM,15,2013,201315
53,2013-04-11,Continuing Jobless Claims 25/MAR-29/MAR,9:30 AM,15,2013,201315
55,2013-04-12,Retail Sales MoM MAR 2013,9:30 AM,15,2013,201315
56,2013-04-12,Reuters/Michigan Consumer Sentiment Index APR 2013,10:55 AM,15,2013,201315
58,2013-04-16,Inflation Rate MoM MAR 2013,9:30 AM,16,2013,201316
59,2013-04-16,Inflation Rate YoY MAR 2013,9:30 AM,16,2013,201316
61,2013-04-17,Fed Beige Book,3:00 PM,16,2013,201316
63,2013-04-18,Continuing Jobless Claims 01/APR-05/APR,9:30 AM,16,2013,201316
65,2013-04-24,Durable Goods Orders MoM MAR 2013,9:30 AM,17,2013,201317
66,2013-04-24,Core Durable Goods Orders MoM MAR 2013,9:30 AM,17,2013,201317
68,2013-04-25,Continuing Jobless Claims 8/APR-13/APR,9:30 AM,17,2013,201317
70,2013-05-01,Fed Monetary Policy Statement and press conference,3:00 PM,18,2013,201318
72,2013-05-02,Continuing Jobless Claims 15/APR-19/APR,9:30 AM,18,2013,201318
73,2013-05-02,Balance of Trade MAR 2013,9:30 AM,18,2013,201318
74,2013-05-02,ISM New York index APR 2013,10:45 AM,18,2013,201318
76,2013-05-03,Non Farm Payrolls APR 2013,9:30 AM,18,2013,201318
77,2013-05-03,ISM Non-Manufacturing PMI APR 2013,11:00 AM,18,2013,201318
79,2013-05-09,Continuing Jobless Claims 20/APR-26/APR,9:30 AM,19,2013,201319
81,2013-05-13,Retail Sales MoM APR 2013,9:30 AM,20,2013,201320
83,2013-05-16,Inflation Rate YoY APR 2013,9:30 AM,20,2013,201320
84,2013-05-16,Continuing Jobless Claims 29/APR-03/MAY,9:30 AM,20,2013,201320
86,2013-05-22,FOMC Minutes,3:00 PM,21,2013,201321
88,2013-05-23,Continuing Jobless Claims 06/MAY-10/MAY,9:30 AM,21,2013,201321
90,2013-05-30,Continuing Jobless Claims 13/MAY-17/MAY,9:30 AM,22,2013,201322
92,2013-06-04,Balance of Trade APR 2013,9:30 AM,23,2013,201323
93,2013-06-04,ISM New York index MAY 2013,10:45 AM,23,2013,201323
95,2013-06-05,ISM Non-Manufacturing PMI MAY 2013,11:00 AM,23,2013,201323
97,2013-06-06,Continuing Jobless Claims 20/MAY-24MAY,9:30 AM,23,2013,201323
99,2013-06-07,Non Farm Payrolls MAY 2013,9:30 AM,23,2013,201323
101,2013-06-13,Retail Sales MoM MAY 2013,9:30 AM,24,2013,201324
102,2013-06-13,Continuing Jobless Claims 27/MAY-31/MAY,9:30 AM,24,2013,201324
104,2013-06-18,Inflation Rate MoM MAY 2013,9:30 AM,25,2013,201325
105,2013-06-18,Core Inflation Rate MoM MAY 2013,9:30 AM,25,2013,201325
106,2013-06-18,Core Inflation Rate YoY MAY 2013,9:30 AM,25,2013,201325
107,2013-06-18,Inflation Rate YoY MAY 2013,9:30 AM,25,2013,201325
109,2013-06-19,FOMC Economic Projections,3:00 PM,25,2013,201325
110,2013-06-19,Fed Monetary Policy Statement and press conference,3:30 PM,25,2013,201325
112,2013-06-20,Continuing Jobless Claims 3/JUN-7/JUN,9:30 AM,25,2013,201325
114,2013-06-27,Continuing Jobless Claims 10/JUN-14/JUN,9:30 AM,26,2013,201326
116,2013-07-01,ISM Prices Paid JUN 2013,11:00 AM,27,2013,201327
118,2013-07-03,Continuing Jobless Claims 17/JUN-21/JUN,9:30 AM,27,2013,201327
119,2013-07-03,Balance of Trade MAY 2013,9:30 AM,27,2013,201327
120,2013-07-03,ISM Non-Manufacturing PMI JUN 2013,11:00 AM,27,2013,201327
122,2013-07-05,Non Farm Payrolls JUN 2013,9:30 AM,27,2013,201327
124,2013-07-10,FOMC Minutes,3:00 PM,28,2013,201328
126,2013-07-11,Continuing Jobless Claims 24/JUN-28/JUN,9:30 AM,28,2013,201328
128,2013-07-15,Retail Sales MoM JUN 2013,9:30 AM,29,2013,201329
130,2013-07-16,Inflation Rate YoY JUN 2013,9:30 AM,29,2013,201329
131,2013-07-16,Core Inflation Rate MoM JUN 2013,9:30 AM,29,2013,201329
132,2013-07-16,Core Inflation Rate YoY JUN 2013,9:30 AM,29,2013,201329
134,2013-07-18,Continuing Jobless Claims 01/JUL-05/JUL,9:30 AM,29,2013,201329
136,2013-07-25,Continuing Jobless Claims 08/JUL-12/JUL,9:30 AM,30,2013,201330
138,2013-07-31,Fed Monetary Policy Statement and press conference,3:00 PM,31,2013,201331
140,2013-08-01,Continuing Jobless Claims 15/JUL-19/JUL,9:30 AM,31,2013,201331
141,2013-08-01,ISM Prices Paid JUL 2013,11:00 AM,31,2013,201331
143,2013-08-02,Non Farm Payrolls JUL 2013,9:30 AM,31,2013,201331
145,2013-08-05,ISM Non-Manufacturing PMI JUL 2013,11:00 AM,32,2013,201332
147,2013-08-06,Balance of Trade JUN 2013,9:30 AM,32,2013,201332
149,2013-08-08,Continuing Jobless Claims 22/JUL-26/JUL,9:30 AM,32,2013,201332
151,2013-08-13,Retail Sales MoM JUL 2013,9:30 AM,33,2013,201333
153,2013-08-15,Inflation Rate YoY JUL 2013,9:30 AM,33,2013,201333
154,2013-08-15,Continuing Jobless Claims 05/AUG-09/AUG,9:30 AM,33,2013,201333
155,2013-08-15,Core Inflation Rate YoY JUL 2013,9:30 AM,33,2013,201333
157,2013-08-22,Continuing Jobless Claims 05/AUG-09/AUG,9:30 AM,34,2013,201334
159,2013-08-29,Continuing Jobless Claims 12/AUG-16/AUG,9:30 AM,35,2013,201335
161,2013-09-04,Balance of Trade JUL 2013,9:30 AM,36,2013,201336
163,2013-09-05,Continuing Jobless Claims 19/AUG-23/AUG,9:30 AM,36,2013,201336
164,2013-09-05,ISM Non-Manufacturing PMI AUG 2013,11:00 AM,36,2013,201336
166,2013-09-06,Non Farm Payrolls AUG 2013,9:30 AM,36,2013,201336
168,2013-09-12,Continuing Jobless Claims 26/AUG-30/AUG,9:30 AM,37,2013,201337
170,2013-09-13,Retail Sales MoM AUG 2013,9:30 AM,37,2013,201337
172,2013-09-17,Inflation Rate YoY AUG 2013,9:30 AM,38,2013,201338
173,2013-09-17,Core Inflation Rate YoY AUG 2013,9:30 AM,38,2013,201338
175,2013-09-18,FOMC Economic Projections,3:00 PM,38,2013,201338
176,2013-09-18,FOMC Policy Statement and press conference,3:30 PM,38,2013,201338
178,2013-09-19,Continuing Jobless Claims 02/SEP-06/SEP,9:30 AM,38,2013,201338
180,2013-09-25,Durable Goods Orders MoM AUG 2013,9:30 AM,39,2013,201339
182,2013-09-27,Personal Income (MoM) AUG 2013,9:30 AM,39,2013,201339
183,2013-09-27,Personal Spending MoM AUG 2013,9:30 AM,39,2013,201339
185,2013-10-01,ISM Prices Paid SEP 2013,11:00 AM,40,2013,201340
187,2013-10-03,ISM Non-Manufacturing PMI SEP 2013,11:00 AM,40,2013,201340
189,2013-10-09,FOMC Minutes,3:00 PM,41,2013,201341
191,2013-10-22,Non Farm Payrolls SEP 2013,9:30 AM,43,2013,201343
193,2013-10-24,Balance of Trade AUG 2013,9:30 AM,43,2013,201343
195,2013-10-25,Durable Goods Orders MoM SEP 2013,9:30 AM,43,2013,201343
197,2013-10-29,Retail Sales MoM SEP 2013,8:30 AM,44,2013,201344
199,2013-10-30,Inflation Rate YoY SEP 2013,8:30 AM,44,2013,201344
200,2013-10-30,Core Inflation Rate YoY SEP 2013,8:30 AM,44,2013,201344
202,2013-11-05,ISM Non-Manufacturing PMI OCT 2013,11:00 AM,45,2013,201345
203,2013-11-05,ISM Non-Manufacturing Prices OCT 2013,11:00 AM,45,2013,201345
205,2013-11-08,Non Farm Payrolls OCT 2013,9:30 AM,45,2013,201345
206,2013-11-08,Personal Income (MoM) SEP 2013,9:30 AM,45,2013,201345
207,2013-11-08,Personal Spending MoM SEP 2013,9:30 AM,45,2013,201345
209,2013-11-14,Balance of Trade SEP 2013,9:30 AM,46,2013,201346
211,2013-11-20,Core Inflation Rate YoY OCT 2013,9:30 AM,47,2013,201347
212,2013-11-20,Retail Sales MoM OCT 2013,9:30 AM,47,2013,201347
213,2013-11-20,Inflation Rate YoY OCT 2013,9:30 AM,47,2013,201347
215,2013-11-27,Durable Goods Orders MoM OCT 2013,9:30 AM,48,2013,201348
217,2013-12-04,Balance of Trade OCT 2013,9:30 AM,49,2013,201349
218,2013-12-04,ISM Non-Manufacturing PMI NOV 2013,11:00 AM,49,2013,201349
220,2013-12-06,Non Farm Payrolls NOV 2013,9:30 AM,49,2013,201349
221,2013-12-06,Personal Income (MoM) OCT 2013,9:30 AM,49,2013,201349
222,2013-12-06,Personal Spending MoM OCT 2013,9:30 AM,49,2013,201349
224,2013-12-12,Retail Sales MoM NOV 2013,9:30 AM,50,2013,201350
226,2013-12-17,Inflation Rate YoY NOV 2013,9:30 AM,51,2013,201351
227,2013-12-17,Core Inflation Rate YoY NOV 2013,9:30 AM,51,2013,201351
229,2013-12-18,FOMC Economic Projections,3:00 PM,51,2013,201351
230,2013-12-18,Fed press conference,3:30 PM,51,2013,201351
232,2013-12-23,Personal Spending MoM NOV 2013,9:30 AM,52,2013,201352
233,2013-12-23,Personal Income (MoM) NOV 2013,9:30 AM,52,2013,201352
235,2013-12-24,Durable Goods Orders MoM NOV 2013,9:30 AM,52,2013,201352
237,2014-01-07,Balance of Trade NOV 2013,9:30 AM,2,2014,201402
239,2014-01-10,Non Farm Payrolls DEC 2013,9:30 AM,2,2014,201402
241,2014-01-14,Retail Sales MoM DEC 2013,9:30 AM,3,2014,201403
243,2014-01-16,Inflation Rate YoY DEC 2013,9:30 AM,3,2014,201403
244,2014-01-16,Core Inflation Rate YoY DEC 2013,9:30 AM,3,2014,201403
246,2014-01-28,Durable Goods Orders MoM DEC 2013,9:30 AM,5,2014,201405
248,2014-01-31,Personal Spending MoM DEC 2013,9:30 AM,5,2014,201405
249,2014-01-31,Personal Income (MoM) DEC 2013,9:30 AM,5,2014,201405
251,2014-02-06,Balance of Trade DEC 2013,9:30 AM,6,2014,201406
253,2014-02-07,Non Farm Payrolls JAN,9:30 AM,6,2014,201406
255,2014-02-13,Retail Sales MoM JAN,9:30 AM,7,2014,201407
257,2014-02-20,Inflation Rate YoY JAN,9:30 AM,8,2014,201408
258,2014-02-20,Core Inflation Rate YoY JAN,9:30 AM,8,2014,201408
260,2014-02-27,Durable Goods Orders MoM JAN,9:30 AM,9,2014,201409
262,2014-03-03,Personal Income (MoM) JAN,9:30 AM,10,2014,201410
263,2014-03-03,Personal Spending MoM JAN,9:30 AM,10,2014,201410
265,2014-03-07,Non Farm Payrolls FEB,9:30 AM,10,2014,201410
266,2014-03-07,Balance of Trade JAN,9:30 AM,10,2014,201410
268,2014-03-13,Retail Sales MoM FEB,8:30 AM,11,2014,201411
270,2014-03-18,Inflation Rate YoY FEB,8:30 AM,12,2014,201412
271,2014-03-18,Core Inflation Rate YoY FEB,8:30 AM,12,2014,201412
273,2014-03-26,Durable Goods Orders MoM FEB,8:30 AM,13,2014,201413
275,2014-03-28,Personal Spending MoM FEB,8:30 AM,13,2014,201413
276,2014-03-28,Personal Income (MoM) FEB,8:30 AM,13,2014,201413
278,2014-04-03,Balance of Trade FEB,9:30 AM,14,2014,201414
280,2014-04-04,Non Farm Payrolls MAR,9:30 AM,14,2014,201414
282,2014-04-14,Retail Sales MoM MAR,9:30 AM,16,2014,201416
284,2014-04-15,Inflation Rate YoY MAR,9:30 AM,16,2014,201416
285,2014-04-15,Core Inflation Rate YoY MAR,9:30 AM,16,2014,201416
287,2014-04-24,Durable Goods Orders MoM MAR,9:30 AM,17,2014,201417
289,2014-05-01,Personal Spending MoM MAR,9:30 AM,18,2014,201418
290,2014-05-01,Personal Income (MoM) MAR,9:30 AM,18,2014,201418
292,2014-05-02,Non Farm Payrolls APR,9:30 AM,18,2014,201418
294,2014-05-06,Balance of Trade MAR,9:30 AM,19,2014,201419
296,2014-05-13,Retail Sales MoM APR,9:30 AM,20,2014,201420
298,2014-05-15,Inflation Rate YoY APR,9:30 AM,20,2014,201420
299,2014-05-15,Core Inflation Rate YoY APR,9:30 AM,20,2014,201420
301,2014-05-27,Durable Goods Orders MoM APR,9:30 AM,22,2014,201422
303,2014-05-30,Personal Spending MoM APR,9:30 AM,22,2014,201422
304,2014-05-30,Personal Income (MoM) APR,9:30 AM,22,2014,201422
306,2014-06-04,Balance of Trade APR,9:30 AM,23,2014,201423
308,2014-06-06,Non Farm Payrolls MAY,9:30 AM,23,2014,201423
310,2014-06-12,Retail Sales MoM MAY,9:30 AM,24,2014,201424
312,2014-06-17,Inflation Rate YoY MAY,9:30 AM,25,2014,201425
313,2014-06-17,Core Inflation Rate YoY MAY,9:30 AM,25,2014,201425
315,2014-06-25,Durable Goods Orders MoM MAY,9:30 AM,26,2014,201426
317,2014-06-26,Personal Spending MoM MAY,9:30 AM,26,2014,201426
318,2014-06-26,Personal Income (MoM) MAY,9:30 AM,26,2014,201426
320,2014-07-03,Non Farm Payrolls JUN,9:30 AM,27,2014,201427
321,2014-07-03,Balance of Trade MAY,9:30 AM,27,2014,201427
323,2014-07-15,Retail Sales MoM JUN,9:30 AM,29,2014,201429
325,2014-07-22,Inflation Rate YoY JUN,9:30 AM,30,2014,201430
326,2014-07-22,Core Inflation Rate YoY JUN,9:30 AM,30,2014,201430
328,2014-07-25,Durable Goods Orders MoM JUN,9:30 AM,30,2014,201430
330,2014-08-01,Non Farm Payrolls JUL,9:30 AM,31,2014,201431
331,2014-08-01,Personal Spending MoM JUN,9:30 AM,31,2014,201431
332,2014-08-01,Personal Income (MoM) JUN,9:30 AM,31,2014,201431
334,2014-08-06,Balance of Trade JUN,9:30 AM,32,2014,201432
336,2014-08-13,Retail Sales MoM JUL,9:30 AM,33,2014,201433
338,2014-08-19,Inflation Rate YoY JUL,9:30 AM,34,2014,201434
339,2014-08-19,Core Inflation Rate YoY JUL,9:30 AM,34,2014,201434
341,2014-08-26,Durable Goods Orders MoM JUL,9:30 AM,35,2014,201435
343,2014-08-29,Personal Spending MoM JUL,9:30 AM,35,2014,201435
344,2014-08-29,Personal Income (MoM) JUL,9:30 AM,35,2014,201435
346,2014-09-04,Balance of Trade JUL,9:30 AM,36,2014,201436
348,2014-09-05,Non Farm Payrolls AUG,9:30 AM,36,2014,201436
350,2014-09-12,Retail Sales MoM AUG,9:30 AM,37,2014,201437
352,2014-09-17,Inflation Rate YoY AUG,9:30 AM,38,2014,201438
353,2014-09-17,Core Inflation Rate YoY AUG,9:30 AM,38,2014,201438
355,2014-09-25,Durable Goods Orders MoM AUG,9:30 AM,39,2014,201439
357,2014-09-29,Personal Spending MoM AUG,9:30 AM,40,2014,201440
358,2014-09-29,Personal Income (MoM) AUG,9:30 AM,40,2014,201440
360,2014-10-03,Non Farm Payrolls SEP,9:30 AM,40,2014,201440
361,2014-10-03,Balance of Trade AUG,9:30 AM,40,2014,201440
363,2014-10-15,Retail Sales MoM SEP,9:30 AM,42,2014,201442
365,2014-10-22,Inflation Rate YoY SEP,9:30 AM,43,2014,201443
366,2014-10-22,Core Inflation Rate YoY SEP,9:30 AM,43,2014,201443
368,2014-10-28,Durable Goods Orders MoM SEP,8:30 AM,44,2014,201444
370,2014-10-31,Personal Spending MoM SEP,8:30 AM,44,2014,201444
371,2014-10-31,Personal Income (MoM) SEP,8:30 AM,44,2014,201444
373,2014-11-04,Balance of Trade SEP,9:30 AM,45,2014,201445
375,2014-11-07,Non Farm Payrolls OCT,9:30 AM,45,2014,201445
377,2014-11-14,Retail Sales MoM OCT,9:30 AM,46,2014,201446
379,2014-11-20,Inflation Rate YoY OCT,9:30 AM,47,2014,201447
380,2014-11-20,Core Inflation Rate YoY OCT,9:30 AM,47,2014,201447
382,2014-11-26,Durable Goods Orders MoM OCT,9:30 AM,48,2014,201448
383,2014-11-26,Personal Spending MoM OCT,9:30 AM,48,2014,201448
384,2014-11-26,Personal Income (MoM) OCT,9:30 AM,48,2014,201448
386,2014-12-05,Non Farm Payrolls NOV,9:30 AM,49,2014,201449
387,2014-12-05,Balance of Trade OCT,9:30 AM,49,2014,201449
389,2014-12-11,Retail Sales MoM NOV,9:30 AM,50,2014,201450
391,2014-12-17,Inflation Rate YoY NOV,9:30 AM,51,2014,201451
392,2014-12-17,Core Inflation Rate YoY NOV,9:30 AM,51,2014,201451
394,2014-12-23,Durable Goods Orders MoM NOV,9:30 AM,52,2014,201452
395,2014-12-23,Personal Spending MoM NOV,11:00 AM,52,2014,201452
396,2014-12-23,Personal Income (MoM) NOV,11:00 AM,52,2014,201452
398,2015-01-07,Balance of Trade NOV,9:30 AM,2,2015,201502
400,2015-01-09,Non Farm Payrolls DEC,9:30 AM,2,2015,201502
402,2015-01-14,Retail Sales MoM DEC,9:30 AM,3,2015,201503
404,2015-01-16,Inflation Rate YoY DEC,9:30 AM,3,2015,201503
405,2015-01-16,Core Inflation Rate YoY DEC,9:30 AM,3,2015,201503
407,2015-01-27,Durable Goods Orders MoM DEC,9:30 AM,5,2015,201505
409,2015-02-02,Personal Income (MoM) DEC,9:30 AM,6,2015,201506
410,2015-02-02,Personal Spending MoM DEC,9:30 AM,6,2015,201506
412,2015-02-05,Balance of Trade DEC,9:30 AM,6,2015,201506
414,2015-02-06,Non Farm Payrolls JAN,9:30 AM,6,2015,201506
416,2015-02-12,Retail Sales MoM JAN,9:30 AM,7,2015,201507
418,2015-02-26,Inflation Rate YoY JAN,9:30 AM,9,2015,201509
419,2015-02-26,Durable Goods Orders MoM JAN,9:30 AM,9,2015,201509
420,2015-02-26,Core Inflation Rate YoY JAN,9:30 AM,9,2015,201509
422,2015-03-02,Personal Income (MoM) JAN,9:30 AM,10,2015,201510
423,2015-03-02,Personal Spending MoM JAN,9:30 AM,10,2015,201510
425,2015-03-06,Non Farm Payrolls FEB,9:30 AM,10,2015,201510
426,2015-03-06,Balance of Trade JAN,9:30 AM,10,2015,201510
428,2015-03-12,Retail Sales MoM FEB,8:30 AM,11,2015,201511
430,2015-03-24,Inflation Rate YoY FEB,8:30 AM,13,2015,201513
431,2015-03-24,Core Inflation Rate YoY FEB,8:30 AM,13,2015,201513
433,2015-03-25,Durable Goods Orders MoM FEB,8:30 AM,13,2015,201513
435,2015-03-30,Personal Spending MoM FEB,9:30 AM,14,2015,201514
436,2015-03-30,Personal Income (MoM) FEB,9:30 AM,14,2015,201514
438,2015-04-02,Balance of Trade FEB,9:30 AM,14,2015,201514
440,2015-04-03,Non Farm Payrolls MAR,9:30 AM,14,2015,201514
442,2015-04-14,Retail Sales MoM MAR,9:30 AM,16,2015,201516
444,2015-04-17,Inflation Rate YoY MAR,9:30 AM,16,2015,201516
445,2015-04-17,Core Inflation Rate YoY MAR,9:30 AM,16,2015,201516
447,2015-04-24,Durable Goods Orders MoM MAR,9:30 AM,17,2015,201517
449,2015-04-30,Personal Income (MoM) MAR,9:30 AM,18,2015,201518
450,2015-04-30,Personal Spending MoM MAR,9:30 AM,18,2015,201518
452,2015-05-05,Balance of Trade MAR,9:30 AM,19,2015,201519
454,2015-05-08,Non Farm Payrolls APR,9:30 AM,19,2015,201519
456,2015-05-13,Retail Sales MoM APR,9:30 AM,20,2015,201520
458,2015-05-22,Inflation Rate YoY APR,9:30 AM,21,2015,201521
459,2015-05-22,Core Inflation Rate YoY APR,9:30 AM,21,2015,201521
461,2015-05-26,Durable Goods Orders MoM APR,9:30 AM,22,2015,201522
463,2015-06-01,Personal Spending MoM APR,9:30 AM,23,2015,201523
464,2015-06-01,Personal Income (MoM) APR,9:30 AM,23,2015,201523
466,2015-06-03,Balance of Trade APR,9:30 AM,23,2015,201523
468,2015-06-05,Non Farm Payrolls MAY,9:30 AM,23,2015,201523
470,2015-06-11,Retail Sales MoM MAY,9:30 AM,24,2015,201524
472,2015-06-18,Inflation Rate YoY MAY,9:30 AM,25,2015,201525
473,2015-06-18,Core Inflation Rate YoY MAY,9:30 AM,25,2015,201525
475,2015-06-23,Durable Goods Orders MoM MAY,9:30 AM,26,2015,201526
477,2015-06-25,Personal Income (MoM) MAY,9:30 AM,26,2015,201526
478,2015-06-25,Personal Spending MoM MAY,9:30 AM,26,2015,201526
480,2015-07-02,Non Farm Payrolls JUN,9:30 AM,27,2015,201527
482,2015-07-07,Balance of Trade MAY,9:30 AM,28,2015,201528
484,2015-07-14,Retail Sales MoM JUN,9:30 AM,29,2015,201529
486,2015-07-17,Inflation Rate YoY JUN,9:30 AM,29,2015,201529
487,2015-07-17,Core Inflation Rate YoY JUN,9:30 AM,29,2015,201529
489,2015-07-27,Durable Goods Orders MoM JUN,9:30 AM,31,2015,201531
491,2015-08-03,Personal Spending MoM JUN,9:30 AM,32,2015,201532
492,2015-08-03,Personal Income (MoM) JUN,9:30 AM,32,2015,201532
494,2015-08-05,Balance of Trade JUN,9:30 AM,32,2015,201532
496,2015-08-07,Non Farm Payrolls JUL,9:30 AM,32,2015,201532
498,2015-08-13,Retail Sales MoM JUL,9:30 AM,33,2015,201533
500,2015-08-19,Core Inflation Rate YoY JUL,9:30 AM,34,2015,201534
501,2015-08-19,Inflation Rate YoY JUL,9:30 AM,34,2015,201534
503,2015-08-26,Durable Goods Orders MoM JUL,9:30 AM,35,2015,201535
505,2015-08-28,Personal Income (MoM) JUL,9:30 AM,35,2015,201535
506,2015-08-28,Personal Spending MoM JUL,9:30 AM,35,2015,201535
508,2015-09-03,Balance of Trade JUL,9:30 AM,36,2015,201536
510,2015-09-04,Non Farm Payrolls AUG,9:30 AM,36,2015,201536
512,2015-09-15,Retail Sales MoM AUG,9:30 AM,38,2015,201538
514,2015-09-16,Inflation Rate YoY AUG,9:30 AM,38,2015,201538
515,2015-09-16,Core Inflation Rate YoY AUG,9:30 AM,38,2015,201538
517,2015-09-24,Durable Goods Orders MoM AUG,9:30 AM,39,2015,201539
519,2015-09-28,Personal Spending MoM AUG,9:30 AM,40,2015,201540
520,2015-09-28,Personal Income (MoM) AUG,9:30 AM,40,2015,201540
522,2015-10-02,Non Farm Payrolls SEP,9:30 AM,40,2015,201540
524,2015-10-06,Balance of Trade AUG,9:30 AM,41,2015,201541
526,2015-10-14,Retail Sales MoM SEP,9:30 AM,42,2015,201542
528,2015-10-15,Core Inflation Rate YoY SEP,9:30 AM,42,2015,201542
529,2015-10-15,Inflation Rate YoY SEP,9:30 AM,42,2015,201542
531,2015-10-27,Durable Goods Orders MoM SEP,8:30 AM,44,2015,201544
533,2015-10-30,Personal Income (MoM) SEP,8:30 AM,44,2015,201544
534,2015-10-30,Personal Spending MoM SEP,8:30 AM,44,2015,201544
536,2015-11-04,Balance of Trade SEP,9:30 AM,45,2015,201545
538,2015-11-06,Non Farm Payrolls OCT,9:30 AM,45,2015,201545
540,2015-11-13,Retail Sales MoM OCT,9:30 AM,46,2015,201546
542,2015-11-17,Inflation Rate YoY OCT,9:30 AM,47,2015,201547
543,2015-11-17,Core Inflation Rate YoY OCT,9:30 AM,47,2015,201547
545,2015-11-25,Durable Goods Orders MoM OCT,9:30 AM,48,2015,201548
546,2015-11-25,Personal Spending MoM OCT,9:30 AM,48,2015,201548
547,2015-11-25,Personal Income (MoM) OCT,9:30 AM,48,2015,201548
549,2015-12-04,Non Farm Payrolls NOV,9:30 AM,49,2015,201549
550,2015-12-04,Balance of Trade OCT,9:30 AM,49,2015,201549
552,2015-12-11,Retail Sales MoM NOV,9:30 AM,50,2015,201550
554,2015-12-15,Core Inflation Rate YoY NOV,9:30 AM,51,2015,201551
555,2015-12-15,Inflation Rate YoY NOV,9:30 AM,51,2015,201551
557,2015-12-23,Durable Goods Orders MoM NOV,9:30 AM,52,2015,201552
558,2015-12-23,Personal Income (MoM) NOV,9:30 AM,52,2015,201552
559,2015-12-23,Personal Spending MoM NOV,9:30 AM,52,2015,201552
561,2016-01-06,Balance of Trade NOV,9:30 AM,1,2016,201601
563,2016-01-08,Non Farm Payrolls DEC,9:30 AM,1,2016,201601
565,2016-01-15,Retail Sales MoM DEC,9:30 AM,2,2016,201602
567,2016-01-20,Inflation Rate YoY DEC,9:30 AM,3,2016,201603
568,2016-01-20,Core Inflation Rate YoY DEC,9:30 AM,3,2016,201603
570,2016-01-28,Durable Goods Orders MoM DEC,9:30 AM,4,2016,201604
572,2016-02-01,Personal Income (MoM) DEC,9:30 AM,5,2016,201605
573,2016-02-01,Personal Spending MoM DEC,9:30 AM,5,2016,201605
575,2016-02-05,Balance of Trade DEC,9:30 AM,5,2016,201605
576,2016-02-05,Non Farm Payrolls JAN,9:30 AM,5,2016,201605
578,2016-02-12,Retail Sales MoM JAN,9:30 AM,6,2016,201606
580,2016-02-19,Inflation Rate YoY JAN,9:30 AM,7,2016,201607
581,2016-02-19,Core Inflation Rate YoY JAN,9:30 AM,7,2016,201607
583,2016-02-25,Durable Goods Orders MoM JAN,9:30 AM,8,2016,201608
585,2016-02-26,Personal Income (MoM) JAN,11:00 AM,8,2016,201608
586,2016-02-26,Personal Spending MoM JAN,11:00 AM,8,2016,201608
588,2016-03-04,Balance of Trade JAN,9:30 AM,9,2016,201609
589,2016-03-04,Non Farm Payrolls FEB,9:30 AM,9,2016,201609
591,2016-03-15,Retail Sales MoM FEB,8:30 AM,11,2016,201611
593,2016-03-16,Core Inflation Rate YoY FEB,8:30 AM,11,2016,201611
594,2016-03-16,Inflation Rate YoY FEB,8:30 AM,11,2016,201611
596,2016-03-24,Durable Goods Orders MoM FEB,8:30 AM,12,2016,201612
598,2016-03-28,Personal Spending MoM FEB,8:30 AM,13,2016,201613
599,2016-03-28,Personal Income (MoM) FEB,8:30 AM,13,2016,201613
601,2016-04-01,Non Farm Payrolls MAR,8:30 AM,13,2016,201613
603,2016-04-05,Balance of Trade FEB,8:30 AM,14,2016,201614
605,2016-04-13,Retail Sales MoM MAR,8:30 AM,15,2016,201615
607,2016-04-14,Core Inflation Rate YoY MAR,8:30 AM,15,2016,201615
608,2016-04-14,Inflation Rate YoY MAR,8:30 AM,15,2016,201615
610,2016-04-26,Durable Goods Orders MoM MAR,8:30 AM,17,2016,201617
612,2016-04-29,Personal Income (MoM) MAR,8:30 AM,17,2016,201617
613,2016-04-29,Personal Spending MoM MAR,8:30 AM,17,2016,201617
615,2016-05-04,Balance of Trade MAR,8:30 AM,18,2016,201618
617,2016-05-06,Non Farm Payrolls APR,8:30 AM,18,2016,201618
619,2016-05-13,Retail Sales MoM APR,8:30 AM,19,2016,201619
621,2016-05-17,Inflation Rate YoY APR,8:30 AM,20,2016,201620
622,2016-05-17,Core Inflation Rate YoY APR,8:30 AM,20,2016,201620
624,2016-05-26,Durable Goods Orders MoM APR,8:30 AM,21,2016,201621
626,2016-05-31,Personal Spending MoM APR,8:30 AM,22,2016,201622
627,2016-05-31,Personal Income (MoM) APR,8:30 AM,22,2016,201622
629,2016-06-03,Balance of Trade APR,8:30 AM,22,2016,201622
630,2016-06-03,Non Farm Payrolls MAY,8:30 AM,22,2016,201622
632,2016-06-14,Retail Sales MoM MAY,8:30 AM,24,2016,201624
634,2016-06-16,Core Inflation Rate YoY MAY,8:30 AM,24,2016,201624
635,2016-06-16,Inflation Rate YoY MAY,8:30 AM,24,2016,201624
637,2016-06-24,Durable Goods Orders MoM MAY,8:30 AM,25,2016,201625
639,2016-06-29,Personal Income (MoM) MAY,8:30 AM,26,2016,201626
640,2016-06-29,Personal Spending MoM MAY,8:30 AM,26,2016,201626
642,2016-07-06,Balance of Trade MAY,8:30 AM,27,2016,201627
644,2016-07-08,Non Farm Payrolls JUN,8:30 AM,27,2016,201627
646,2016-07-15,Inflation Rate YoY JUN,8:30 AM,28,2016,201628
647,2016-07-15,Core Inflation Rate YoY JUN,8:30 AM,28,2016,201628
648,2016-07-15,Retail Sales MoM JUN,8:30 AM,28,2016,201628
650,2016-07-27,Durable Goods Orders MoM JUN,8:30 AM,30,2016,201630
652,2016-08-02,Personal Spending MoM JUN,8:30 AM,31,2016,201631
653,2016-08-02,Personal Income (MoM) JUN,8:30 AM,31,2016,201631
655,2016-08-05,Balance of Trade JUN,8:30 AM,31,2016,201631
656,2016-08-05,Non Farm Payrolls JUL,8:30 AM,31,2016,201631
658,2016-08-12,Retail Sales MoM JUL,8:30 AM,32,2016,201632
660,2016-08-16,Core Inflation Rate YoY JUL,8:30 AM,33,2016,201633
661,2016-08-16,Inflation Rate YoY JUL,8:30 AM,33,2016,201633
663,2016-08-25,Durable Goods Orders MoM JUL,8:30 AM,34,2016,201634
665,2016-08-29,Personal Income (MoM) JUL,8:30 AM,35,2016,201635
666,2016-08-29,Personal Spending MoM JUL,8:30 AM,35,2016,201635
668,2016-09-02,Balance of Trade JUL,8:30 AM,35,2016,201635
669,2016-09-02,Non Farm Payrolls AUG,8:30 AM,35,2016,201635
671,2016-09-15,Retail Sales MoM AUG,8:30 AM,37,2016,201637
673,2016-09-16,Inflation Rate YoY AUG,8:30 AM,37,2016,201637
674,2016-09-16,Core Inflation Rate YoY AUG,8:30 AM,37,2016,201637
676,2016-09-28,Durable Goods Orders MoM AUG,8:30 AM,39,2016,201639
678,2016-09-30,Personal Spending MoM AUG,8:30 AM,39,2016,201639
679,2016-09-30,Personal Income (MoM) AUG,8:30 AM,39,2016,201639
681,2016-10-05,Balance of Trade AUG,8:30 AM,40,2016,201640
683,2016-10-07,Non Farm Payrolls SEP,8:30 AM,40,2016,201640
685,2016-10-14,Retail Sales MoM SEP,8:30 AM,41,2016,201641
687,2016-10-18,Core Inflation Rate YoY SEP,8:30 AM,42,2016,201642
688,2016-10-18,Inflation Rate YoY SEP,8:30 AM,42,2016,201642
690,2016-10-27,Durable Goods Orders MoM SEP,8:30 AM,43,2016,201643
692,2016-10-31,Personal Income (MoM) SEP,8:30 AM,44,2016,201644
693,2016-10-31,Personal Spending MoM SEP,8:30 AM,44,2016,201644
695,2016-11-04,Balance of Trade SEP,8:30 AM,44,2016,201644
696,2016-11-04,Non Farm Payrolls OCT,8:30 AM,44,2016,201644
698,2016-11-15,Retail Sales MoM OCT,9:30 AM,46,2016,201646
700,2016-11-17,Inflation Rate YoY OCT,9:30 AM,46,2016,201646
701,2016-11-17,Core Inflation Rate YoY OCT,9:30 AM,46,2016,201646
703,2016-11-23,Durable Goods Orders MoM OCT,9:30 AM,47,2016,201647
705,2016-11-30,Personal Spending MoM OCT,9:30 AM,48,2016,201648
706,2016-11-30,Personal Income (MoM) OCT,9:30 AM,48,2016,201648
708,2016-12-02,Non Farm Payrolls NOV,9:30 AM,48,2016,201648
710,2016-12-06,Balance of Trade OCT,9:30 AM,49,2016,201649
712,2016-12-14,Retail Sales MoM NOV,9:30 AM,50,2016,201650
714,2016-12-15,Core Inflation Rate YoY NOV,9:30 AM,50,2016,201650
715,2016-12-15,Inflation Rate YoY NOV,9:30 AM,50,2016,201650
717,2016-12-22,Durable Goods Orders MoM NOV,9:30 AM,51,2016,201651
718,2016-12-22,Personal Income (MoM) NOV,11:00 AM,51,2016,201651
719,2016-12-22,Personal Spending MoM NOV,11:00 AM,51,2016,201651
721,2017-01-06,Balance of Trade NOV,9:30 AM,1,2017,201701
722,2017-01-06,Non Farm Payrolls DEC,9:30 AM,1,2017,201701
724,2017-01-13,Retail Sales MoM DEC,9:30 AM,2,2017,201702
726,2017-01-18,Inflation Rate YoY DEC,9:30 AM,3,2017,201703
727,2017-01-18,Core Inflation Rate YoY DEC,9:30 AM,3,2017,201703
729,2017-01-27,Durable Goods Orders MoM DEC,9:30 AM,4,2017,201704
731,2017-01-30,Personal Income (MoM) DEC,9:30 AM,5,2017,201705
732,2017-01-30,Personal Spending MoM DEC,9:30 AM,5,2017,201705
734,2017-02-03,Non Farm Payrolls JAN,9:30 AM,5,2017,201705
736,2017-02-07,Balance of Trade DEC,9:30 AM,6,2017,201706
738,2017-02-15,Inflation Rate YoY JAN,9:30 AM,7,2017,201707
739,2017-02-15,Core Inflation Rate YoY JAN,9:30 AM,7,2017,201707
740,2017-02-15,Retail Sales MoM JAN,9:30 AM,7,2017,201707
742,2017-02-27,Durable Goods Orders MoM JAN,9:30 AM,9,2017,201709
744,2017-03-01,Personal Income (MoM) JAN,9:30 AM,9,2017,201709
745,2017-03-01,Personal Spending MoM JAN,9:30 AM,9,2017,201709
747,2017-03-07,Balance of Trade JAN,9:30 AM,10,2017,201710
749,2017-03-10,Non Farm Payrolls FEB,9:30 AM,10,2017,201710
751,2017-03-15,Retail Sales MoM FEB,8:30 AM,11,2017,201711
752,2017-03-15,Core Inflation Rate YoY FEB,8:30 AM,11,2017,201711
753,2017-03-15,Inflation Rate YoY FEB,8:30 AM,11,2017,201711
755,2017-03-24,Durable Goods Orders MoM FEB,8:30 AM,12,2017,201712
757,2017-03-31,Personal Spending MoM FEB,8:30 AM,13,2017,201713
758,2017-03-31,Personal Income (MoM) FEB,8:30 AM,13,2017,201713
760,2017-04-04,Balance of Trade FEB,8:30 AM,14,2017,201714
762,2017-04-07,Non Farm Payrolls MAR,8:30 AM,14,2017,201714
764,2017-04-14,Retail Sales MoM MAR,8:30 AM,15,2017,201715
765,2017-04-14,Core Inflation Rate YoY MAR,8:30 AM,15,2017,201715
766,2017-04-14,Inflation Rate YoY MAR,8:30 AM,15,2017,201715
768,2017-04-27,Durable Goods Orders MoM MAR,8:30 AM,17,2017,201717
770,2017-05-01,Personal Income MoM MAR,8:30 AM,18,2017,201718
771,2017-05-01,Personal Spending MoM MAR,8:30 AM,18,2017,201718
773,2017-05-04,Balance of Trade MAR,8:30 AM,18,2017,201718
775,2017-05-05,Non Farm Payrolls APR,8:30 AM,18,2017,201718
777,2017-05-12,Retail Sales MoM APR,8:30 AM,19,2017,201719
778,2017-05-12,Inflation Rate YoY APR,8:30 AM,19,2017,201719
779,2017-05-12,Core Inflation Rate YoY APR,8:30 AM,19,2017,201719
781,2017-05-26,Durable Goods Orders MoM APR,8:30 AM,21,2017,201721
783,2017-05-30,Personal Spending MoM APR,8:30 AM,22,2017,201722
784,2017-05-30,Personal Income MoM APR,8:30 AM,22,2017,201722
786,2017-06-02,Non Farm Payrolls MAY,8:30 AM,22,2017,201722
787,2017-06-02,Balance of Trade APR,8:30 AM,22,2017,201722
789,2017-06-14,Core Inflation Rate YoY MAY,8:30 AM,24,2017,201724
790,2017-06-14,Inflation Rate YoY MAY,8:30 AM,24,2017,201724
791,2017-06-14,Retail Sales MoM MAY,8:30 AM,24,2017,201724
793,2017-06-26,Durable Goods Orders MoM MAY,8:30 AM,26,2017,201726
795,2017-06-30,Personal Income MoM MAY,8:30 AM,26,2017,201726
796,2017-06-30,Personal Spending MoM MAY,8:30 AM,26,2017,201726
798,2017-07-06,Balance of Trade MAY,8:30 AM,27,2017,201727
800,2017-07-07,Non Farm Payrolls JUN,8:30 AM,27,2017,201727
802,2017-07-14,Retail Sales MoM JUN,8:30 AM,28,2017,201728
803,2017-07-14,Inflation Rate YoY JUN,8:30 AM,28,2017,201728
804,2017-07-14,Core Inflation Rate YoY JUN,8:30 AM,28,2017,201728
806,2017-07-27,Durable Goods Orders MoM JUN,8:30 AM,30,2017,201730
808,2017-08-01,Personal Spending MoM JUN,8:30 AM,31,2017,201731
809,2017-08-01,Personal Income MoM JUN,8:30 AM,31,2017,201731
811,2017-08-04,Non Farm Payrolls JUL,8:30 AM,31,2017,201731
812,2017-08-04,Balance of Trade JUN,8:30 AM,31,2017,201731
814,2017-08-11,Core Inflation Rate YoY JUL,8:30 AM,32,2017,201732
815,2017-08-11,Inflation Rate YoY JUL,8:30 AM,32,2017,201732
817,2017-08-15,Retail Sales MoM JUL,8:30 AM,33,2017,201733
819,2017-08-25,Durable Goods Orders MoM JUL,8:30 AM,34,2017,201734
821,2017-08-31,Personal Income MoM JUL,8:30 AM,35,2017,201735
822,2017-08-31,Personal Spending MoM JUL,8:30 AM,35,2017,201735
824,2017-09-01,Non Farm Payrolls AUG,8:30 AM,35,2017,201735
826,2017-09-06,Balance of Trade JUL,8:30 AM,36,2017,201736
828,2017-09-14,Inflation Rate YoY AUG,8:30 AM,37,2017,201737
829,2017-09-14,Core Inflation Rate YoY AUG,8:30 AM,37,2017,201737
831,2017-09-15,Retail Sales MoM AUG,8:30 AM,37,2017,201737
833,2017-09-27,Durable Goods Orders MoM AUG,8:30 AM,39,2017,201739
835,2017-09-29,Personal Spending MoM AUG,8:30 AM,39,2017,201739
836,2017-09-29,Personal Income MoM AUG,8:30 AM,39,2017,201739
838,2017-10-05,Balance of Trade AUG,8:30 AM,40,2017,201740
840,2017-10-06,Non Farm Payrolls SEP,8:30 AM,40,2017,201740
842,2017-10-13,Retail Sales MoM SEP,8:30 AM,41,2017,201741
843,2017-10-13,Core Inflation Rate YoY SEP,8:30 AM,41,2017,201741
844,2017-10-13,Inflation Rate YoY SEP,8:30 AM,41,2017,201741
846,2017-10-25,Durable Goods Orders MoM SEP,8:30 AM,43,2017,201743
848,2017-10-30,Personal Income MoM SEP,8:30 AM,44,2017,201744
849,2017-10-30,Personal Spending MoM SEP,8:30 AM,44,2017,201744
851,2017-11-03,Non Farm Payrolls OCT,8:30 AM,44,2017,201744
852,2017-11-03,Balance of Trade SEP,8:30 AM,44,2017,201744
854,2017-11-15,Inflation Rate YoY OCT,9:30 AM,46,2017,201746
855,2017-11-15,Core Inflation Rate YoY OCT,9:30 AM,46,2017,201746
856,2017-11-15,Retail Sales MoM OCT,9:30 AM,46,2017,201746
858,2017-11-22,Durable Goods Orders MoM OCT,9:30 AM,47,2017,201747
860,2017-11-30,Personal Spending MoM OCT,9:30 AM,48,2017,201748
861,2017-11-30,Personal Income MoM OCT,9:30 AM,48,2017,201748
863,2017-12-05,Balance of Trade OCT,9:30 AM,49,2017,201749
865,2017-12-08,Non Farm Payrolls NOV,9:30 AM,49,2017,201749
867,2017-12-13,Core Inflation Rate YoY NOV,9:30 AM,50,2017,201750
868,2017-12-13,Inflation Rate YoY NOV,9:30 AM,50,2017,201750
870,2017-12-14,Retail Sales MoM NOV,9:30 AM,50,2017,201750
872,2017-12-22,Personal Income MoM NOV,9:30 AM,51,2017,201751
873,2017-12-22,Personal Spending MoM NOV,9:30 AM,51,2017,201751
874,2017-12-22,Durable Goods Orders MoM NOV,9:30 AM,51,2017,201751
876,2018-01-05,Balance of Trade NOV,9:30 AM,1,2018,201801
877,2018-01-05,Non Farm Payrolls DEC,9:30 AM,1,2018,201801
879,2018-01-12,Retail Sales MoM DEC,9:30 AM,2,2018,201802
880,2018-01-12,Inflation Rate YoY DEC,9:30 AM,2,2018,201802
881,2018-01-12,Core Inflation Rate YoY DEC,9:30 AM,2,2018,201802
883,2018-01-26,Durable Goods Orders MoM DEC,9:30 AM,4,2018,201804
885,2018-01-29,Personal Income MoM DEC,9:30 AM,5,2018,201805
886,2018-01-29,Personal Spending MoM DEC,9:30 AM,5,2018,201805
888,2018-02-02,Non Farm Payrolls JAN,9:30 AM,5,2018,201805
890,2018-02-06,Balance of Trade DEC,9:30 AM,6,2018,201806
892,2018-02-14,Inflation Rate YoY JAN,9:30 AM,7,2018,201807
893,2018-02-14,Core Inflation Rate YoY JAN,9:30 AM,7,2018,201807
894,2018-02-14,Retail Sales MoM JAN,9:30 AM,7,2018,201807
896,2018-02-27,Durable Goods Orders MoM JAN,9:30 AM,9,2018,201809
898,2018-03-01,Personal Income MoM JAN,9:30 AM,9,2018,201809
899,2018-03-01,Personal Spending MoM JAN,9:30 AM,9,2018,201809
901,2018-03-07,Balance of Trade JAN,9:30 AM,10,2018,201810
903,2018-03-09,Non Farm Payrolls FEB,9:30 AM,10,2018,201810
905,2018-03-13,Core Inflation Rate YoY FEB,8:30 AM,11,2018,201811
906,2018-03-13,Inflation Rate YoY FEB,8:30 AM,11,2018,201811
908,2018-03-14,Retail Sales MoM FEB,8:30 AM,11,2018,201811
910,2018-03-23,Durable Goods Orders MoM FEB,8:30 AM,12,2018,201812
912,2018-03-29,Personal Income MoM FEB,8:30 AM,13,2018,201813
913,2018-03-29,Personal Spending MoM FEB,8:30 AM,13,2018,201813
915,2018-04-05,Balance of Trade FEB,8:30 AM,14,2018,201814
917,2018-04-06,Non Farm Payrolls MAR,8:30 AM,14,2018,201814
919,2018-04-11,Core Inflation Rate YoY MAR,8:30 AM,15,2018,201815
920,2018-04-11,Inflation Rate YoY MAR,8:30 AM,15,2018,201815
922,2018-04-16,Retail Sales MoM MAR,8:30 AM,16,2018,201816
924,2018-04-26,Durable Goods Orders MoM MAR,8:30 AM,17,2018,201817
926,2018-04-30,Personal Income MoM MAR,8:30 AM,18,2018,201818
927,2018-04-30,Personal Spending MoM MAR,8:30 AM,18,2018,201818
929,2018-05-03,Balance of Trade MAR,8:30 AM,18,2018,201818
931,2018-05-04,Non Farm Payrolls APR,8:30 AM,18,2018,201818
933,2018-05-10,Inflation Rate YoY APR,8:30 AM,19,2018,201819
934,2018-05-10,Core Inflation Rate YoY APR,8:30 AM,19,2018,201819
936,2018-05-15,Retail Sales MoM APR,8:30 AM,20,2018,201820
938,2018-05-25,Durable Goods Orders MoM APR,8:30 AM,21,2018,201821
940,2018-05-31,Personal Spending MoM APR,8:30 AM,22,2018,201822
941,2018-05-31,Personal Income MoM APR,8:30 AM,22,2018,201822
943,2018-06-01,Non Farm Payrolls MAY,8:30 AM,22,2018,201822
945,2018-06-06,Balance of Trade APR,8:30 AM,23,2018,201823
947,2018-06-12,Core Inflation Rate YoY MAY,8:30 AM,24,2018,201824
948,2018-06-12,Inflation Rate YoY MAY,8:30 AM,24,2018,201824
950,2018-06-14,Retail Sales MoM MAY,8:30 AM,24,2018,201824
952,2018-06-27,Durable Goods Orders MoM MAY,8:30 AM,26,2018,201826
954,2018-06-29,Personal Income MoM MAY,8:30 AM,26,2018,201826
955,2018-06-29,Personal Spending MoM MAY,8:30 AM,26,2018,201826
957,2018-07-06,Non Farm Payrolls JUN,8:30 AM,27,2018,201827
958,2018-07-06,Balance of Trade MAY,8:30 AM,27,2018,201827
960,2018-07-12,Inflation Rate YoY JUN,8:30 AM,28,2018,201828
961,2018-07-12,Core Inflation Rate YoY JUN,8:30 AM,28,2018,201828
963,2018-07-16,Retail Sales MoM JUN,8:30 AM,29,2018,201829
965,2018-07-26,Durable Goods Orders MoM JUN,8:30 AM,30,2018,201830
967,2018-07-31,Personal Spending MoM JUN,8:30 AM,31,2018,201831
968,2018-07-31,Personal Income MoM JUN,8:30 AM,31,2018,201831
970,2018-08-03,Non Farm Payrolls JUL,8:30 AM,31,2018,201831
971,2018-08-03,Balance of Trade JUN,8:30 AM,31,2018,201831
973,2018-08-10,Core Inflation Rate YoY JUL,8:30 AM,32,2018,201832
974,2018-08-10,Inflation Rate YoY JUL,8:30 AM,32,2018,201832
976,2018-08-15,Retail Sales MoM JUL,8:30 AM,33,2018,201833
978,2018-08-24,Durable Goods Orders MoM JUL,8:30 AM,34,2018,201834
980,2018-08-30,Personal Income MoM JUL,8:30 AM,35,2018,201835
981,2018-08-30,Personal Spending MoM JUL,8:30 AM,35,2018,201835
983,2018-09-05,Balance of Trade JUL,8:30 AM,36,2018,201836
985,2018-09-07,Non Farm Payrolls AUG,8:30 AM,36,2018,201836
987,2018-09-13,Inflation Rate YoY AUG,8:30 AM,37,2018,201837
988,2018-09-13,Core Inflation Rate YoY AUG,8:30 AM,37,2018,201837
990,2018-09-14,Retail Sales MoM AUG,8:30 AM,37,2018,201837
992,2018-09-27,Durable Goods Orders MoM AUG,8:30 AM,39,2018,201839
994,2018-09-28,Personal Spending MoM AUG,8:30 AM,39,2018,201839
995,2018-09-28,Personal Income MoM AUG,8:30 AM,39,2018,201839
997,2018-10-05,Non Farm Payrolls SEP,8:30 AM,40,2018,201840
998,2018-10-05,Balance of Trade AUG,8:30 AM,40,2018,201840
1000,2018-10-11,Core Inflation Rate YoY SEP,8:30 AM,41,2018,201841
1001,2018-10-11,Inflation Rate YoY SEP,8:30 AM,41,2018,201841
1003,2018-10-15,Retail Sales MoM SEP,8:30 AM,42,2018,201842
1005,2018-10-25,Durable Goods Orders MoM SEP,8:30 AM,43,2018,201843
1007,2018-10-29,Personal Income MoM SEP,8:30 AM,44,2018,201844
1008,2018-10-29,Personal Spending MoM SEP,8:30 AM,44,2018,201844
1010,2018-11-02,Non Farm Payrolls OCT,8:30 AM,44,2018,201844
1011,2018-11-02,Balance of Trade SEP,8:30 AM,44,2018,201844
1013,2018-11-14,Inflation Rate YoY OCT,9:30 AM,46,2018,201846
1014,2018-11-14,Core Inflation Rate YoY OCT,9:30 AM,46,2018,201846
1016,2018-11-15,Retail Sales MoM OCT,9:30 AM,46,2018,201846
1018,2018-11-21,Durable Goods Orders MoM OCT,9:30 AM,47,2018,201847
1020,2018-11-29,Personal Spending MoM OCT,9:30 AM,48,2018,201848
1021,2018-11-29,Personal Income MoM OCT,9:30 AM,48,2018,201848
1023,2018-12-06,Balance of Trade OCT,9:30 AM,49,2018,201849
1025,2018-12-07,Non Farm Payrolls NOV,9:30 AM,49,2018,201849
1027,2018-12-12,Core Inflation Rate YoY NOV,9:30 AM,50,2018,201850
1028,2018-12-12,Inflation Rate YoY NOV,9:30 AM,50,2018,201850
1030,2018-12-14,Retail Sales MoM NOV,9:30 AM,50,2018,201850
1032,2018-12-21,Durable Goods Orders MoM NOV,9:30 AM,51,2018,201851
1033,2018-12-21,Personal Income MoM NOV,11:00 AM,51,2018,201851
1034,2018-12-21,Personal Spending MoM NOV,11:00 AM,51,2018,201851
1036,2019-01-04,Non Farm Payrolls DEC,9:30 AM,1,2019,201901
1038,2019-01-11,Inflation Rate YoY DEC,9:30 AM,2,2019,201902
1039,2019-01-11,Core Inflation Rate YoY DEC,9:30 AM,2,2019,201902
1041,2019-02-01,Non Farm Payrolls JAN,9:30 AM,5,2019,201905
1043,2019-02-06,Balance of Trade NOV,9:30 AM,6,2019,201906
1045,2019-02-13,Inflation Rate YoY JAN,9:30 AM,7,2019,201907
1046,2019-02-13,Core Inflation Rate YoY JAN,9:30 AM,7,2019,201907
1048,2019-02-14,Retail Sales MoM DEC,9:30 AM,7,2019,201907
1050,2019-02-21,Durable Goods Orders MoM DEC,9:30 AM,8,2019,201908
1052,2019-03-01,Personal Income MoM DEC,9:30 AM,9,2019,201909
1053,2019-03-01,Personal Spending MoM DEC,9:30 AM,9,2019,201909
1054,2019-03-01,Personal Income MoM JAN,9:30 AM,9,2019,201909
1056,2019-03-06,Balance of Trade DEC,9:30 AM,10,2019,201910
1058,2019-03-08,Non Farm Payrolls FEB,9:30 AM,10,2019,201910
1060,2019-03-11,Retail Sales MoM JAN,8:30 AM,11,2019,201911
1062,2019-03-12,Core Inflation Rate YoY FEB,8:30 AM,11,2019,201911
1063,2019-03-12,Inflation Rate YoY FEB,8:30 AM,11,2019,201911
1065,2019-03-13,Durable Goods Orders MoM JAN,8:30 AM,11,2019,201911
1067,2019-03-27,Balance of Trade JAN,8:30 AM,13,2019,201913
1069,2019-03-29,Personal Income MoM FEB,8:30 AM,13,2019,201913
1070,2019-03-29,Personal Spending MoM JAN,8:30 AM,13,2019,201913
1072,2019-04-01,Retail Sales MoM FEB,8:30 AM,14,2019,201914
1074,2019-04-02,Durable Goods Orders MoM FEB,8:30 AM,14,2019,201914
1076,2019-04-05,Non Farm Payrolls MAR,8:30 AM,14,2019,201914
1078,2019-04-10,Core Inflation Rate YoY MAR,8:30 AM,15,2019,201915
1079,2019-04-10,Inflation Rate YoY MAR,8:30 AM,15,2019,201915
1081,2019-04-17,Balance of Trade FEB,8:30 AM,16,2019,201916
1083,2019-04-18,Retail Sales MoM MAR,8:30 AM,16,2019,201916
1085,2019-04-25,Durable Goods Orders MoM MAR,8:30 AM,17,2019,201917
1087,2019-04-29,Personal Income MoM MAR,8:30 AM,18,2019,201918
1088,2019-04-29,Personal Spending MoM MAR,8:30 AM,18,2019,201918
1089,2019-04-29,Personal Spending MoM FEB,8:30 AM,18,2019,201918
1091,2019-05-03,Non Farm Payrolls APR,8:30 AM,18,2019,201918
1093,2019-05-09,Balance of Trade MAR,8:30 AM,19,2019,201919
1095,2019-05-10,Inflation Rate YoY APR,8:30 AM,19,2019,201919
1096,2019-05-10,Core Inflation Rate YoY APR,8:30 AM,19,2019,201919
1098,2019-05-15,Retail Sales MoM APR,8:30 AM,20,2019,201920
1100,2019-05-24,Durable Goods Orders MoM APR,8:30 AM,21,2019,201921
1102,2019-05-31,Personal Spending MoM APR,8:30 AM,22,2019,201922
1103,2019-05-31,Personal Income MoM APR,8:30 AM,22,2019,201922
1105,2019-06-06,Balance of Trade APR,8:30 AM,23,2019,201923
1107,2019-06-07,Non Farm Payrolls MAY,8:30 AM,23,2019,201923
1109,2019-06-12,Core Inflation Rate YoY MAY,8:30 AM,24,2019,201924
1110,2019-06-12,Inflation Rate YoY MAY,8:30 AM,24,2019,201924
1112,2019-06-14,Retail Sales MoM MAY,8:30 AM,24,2019,201924
1114,2019-06-26,Durable Goods Orders MoM MAY,8:30 AM,26,2019,201926
1116,2019-06-28,Personal Income MoM MAY,8:30 AM,26,2019,201926
1117,2019-06-28,Personal Spending MoM MAY,8:30 AM,26,2019,201926
1119,2019-07-03,Balance of Trade MAY,8:30 AM,27,2019,201927
1121,2019-07-05,Non Farm Payrolls JUN,8:30 AM,27,2019,201927
1123,2019-07-11,Inflation Rate YoY JUN,8:30 AM,28,2019,201928
1124,2019-07-11,Core Inflation Rate YoY JUN,8:30 AM,28,2019,201928
1126,2019-07-16,Retail Sales MoM JUN,8:30 AM,29,2019,201929
1128,2019-07-25,Durable Goods Orders MoM JUN,8:30 AM,30,2019,201930
1130,2019-07-30,Personal Spending MoM JUN,8:30 AM,31,2019,201931
1131,2019-07-30,Personal Income MoM JUN,8:30 AM,31,2019,201931
1133,2019-08-02,Non Farm Payrolls JUL,8:30 AM,31,2019,201931
1134,2019-08-02,Balance of Trade JUN,8:30 AM,31,2019,201931
1136,2019-08-13,Core Inflation Rate YoY JUL,8:30 AM,33,2019,201933
1137,2019-08-13,Inflation Rate YoY JUL,8:30 AM,33,2019,201933
1139,2019-08-15,Retail Sales MoM JUL,8:30 AM,33,2019,201933
1141,2019-08-26,Durable Goods Orders MoM JUL,8:30 AM,35,2019,201935
1143,2019-08-30,Personal Income MoM JUL,8:30 AM,35,2019,201935
1144,2019-08-30,Personal Spending MoM JUL,8:30 AM,35,2019,201935
1146,2019-09-04,Balance of Trade JUL,8:30 AM,36,2019,201936
1148,2019-09-06,Non Farm Payrolls AUG,8:30 AM,36,2019,201936
1150,2019-09-12,Inflation Rate YoY AUG,8:30 AM,37,2019,201937
1151,2019-09-12,Core Inflation Rate YoY AUG,8:30 AM,37,2019,201937
1153,2019-09-13,Retail Sales MoM AUG,8:30 AM,37,2019,201937
1155,2019-09-27,Personal Spending MoM AUG,8:30 AM,39,2019,201939
1156,2019-09-27,Personal Income MoM AUG,8:30 AM,39,2019,201939
1157,2019-09-27,Durable Goods Orders MoM AUG,8:30 AM,39,2019,201939
1159,2019-10-04,Balance of Trade AUG,8:30 AM,40,2019,201940
1160,2019-10-04,Non Farm Payrolls SEP,8:30 AM,40,2019,201940
1162,2019-10-10,Core Inflation Rate YoY SEP,8:30 AM,41,2019,201941
1163,2019-10-10,Inflation Rate YoY SEP,8:30 AM,41,2019,201941
1165,2019-10-16,Retail Sales MoM SEP,8:30 AM,42,2019,201942
1167,2019-10-24,Durable Goods Orders MoM SEP,8:30 AM,43,2019,201943
1169,2019-10-31,Personal Income MoM SEP,8:30 AM,44,2019,201944
1170,2019-10-31,Personal Spending MoM SEP,8:30 AM,44,2019,201944
1172,2019-11-01,Non Farm Payrolls OCT,8:30 AM,44,2019,201944
1174,2019-11-05,Balance of Trade SEP,9:30 AM,45,2019,201945
1176,2019-11-13,Inflation Rate YoY OCT,9:30 AM,46,2019,201946
1177,2019-11-13,Core Inflation Rate YoY OCT,9:30 AM,46,2019,201946
1179,2019-11-15,Retail Sales MoM OCT,9:30 AM,46,2019,201946
1181,2019-11-27,Durable Goods Orders MoM OCT,9:30 AM,48,2019,201948
1182,2019-11-27,Personal Spending MoM OCT,11:00 AM,48,2019,201948
1183,2019-11-27,Personal Income MoM OCT,11:00 AM,48,2019,201948
1185,2019-12-05,Balance of Trade OCT,9:30 AM,49,2019,201949
1187,2019-12-06,Non Farm Payrolls NOV,9:30 AM,49,2019,201949
1189,2019-12-11,Core Inflation Rate YoY NOV,9:30 AM,50,2019,201950
1190,2019-12-11,Inflation Rate YoY NOV,9:30 AM,50,2019,201950
1192,2019-12-13,Retail Sales MoM NOV,9:30 AM,50,2019,201950
1194,2019-12-20,Personal Income MoM NOV,11:00 AM,51,2019,201951
1195,2019-12-20,Personal Spending MoM NOV,11:00 AM,51,2019,201951
1197,2019-12-23,Durable Goods Orders MoM NOV,9:30 AM,52,2019,201952
1199,2020-01-03,FOMC Minutes,3:00 PM,1,2020,202001
1201,2020-01-07,Balance of Trade NOV,9:30 AM,2,2020,202002
1203,2020-01-10,Non Farm Payrolls DEC,9:30 AM,2,2020,202002
1205,2020-01-14,Inflation Rate YoY DEC,9:30 AM,3,2020,202003
1206,2020-01-14,Core Inflation Rate YoY DEC,9:30 AM,3,2020,202003
1210,2020-01-16,Retail Sales MoM DEC,9:30 AM,3,2020,202003
1212,2020-01-28,Durable Goods Orders MoM DEC,9:30 AM,5,2020,202005
1216,2020-01-31,Personal Income MoM DEC,9:30 AM,5,2020,202005
1217,2020-01-31,Personal Spending MoM DEC,9:30 AM,5,2020,202005
1219,2020-02-05,Balance of Trade DEC,9:30 AM,6,2020,202006
1221,2020-02-07,Non Farm Payrolls JAN,9:30 AM,6,2020,202006
1223,2020-02-13,Inflation Rate YoY JAN,9:30 AM,7,2020,202007
1224,2020-02-13,Core Inflation Rate YoY JAN,9:30 AM,7,2020,202007
1226,2020-02-14,Retail Sales MoM JAN,9:30 AM,7,2020,202007
1228,2020-02-26,President Trump Speech ,7:00 PM,9,2020,202009
1230,2020-02-27,Durable Goods Orders MoM JAN,9:30 AM,9,2020,202009
1232,2020-02-28,Personal Income MoM JAN,9:30 AM,9,2020,202009
1233,2020-02-28,Personal Spending MoM JAN,9:30 AM,9,2020,202009
1235,2020-03-03,Fed Press Conference,12:00 PM,10,2020,202010
1237,2020-03-06,Non Farm Payrolls FEB,9:30 AM,10,2020,202010
1238,2020-03-06,Balance of Trade JAN,9:30 AM,10,2020,202010
1240,2020-03-11,Core Inflation Rate YoY FEB,8:30 AM,11,2020,202011
1241,2020-03-11,Inflation Rate YoY FEB,8:30 AM,11,2020,202011
1242,2020-03-11,President Trump Statement on Coronavirus,9:00 PM,11,2020,202011
1244,2020-03-13,President Trump Statement on Coronavirus,3:00 PM,11,2020,202011
1246,2020-03-15,Fed Press Conference,6:30 PM,11,2020,202011
1248,2020-03-17,Retail Sales MoM FEB,8:30 AM,12,2020,202012
1250,2020-03-25,Durable Goods Orders MoM FEB,8:30 AM,13,2020,202013
1252,2020-03-27,Personal Spending MoM FEB,8:30 AM,13,2020,202013
1253,2020-03-27,Personal Income MoM FEB,8:30 AM,13,2020,202013
1255,2020-04-02,Balance of Trade FEB,8:30 AM,14,2020,202014
1257,2020-04-03,Non Farm Payrolls MAR,8:30 AM,14,2020,202014
1259,2020-04-10,Inflation Rate YoY MAR,8:30 AM,15,2020,202015
1260,2020-04-10,Core Inflation Rate YoY MAR,8:30 AM,15,2020,202015
1262,2020-04-15,Retail Sales MoM MAR,8:30 AM,16,2020,202016
1264,2020-04-24,Durable Goods Orders MoM MAR,8:30 AM,17,2020,202017
1266,2020-04-30,Personal Income MoM MAR,8:30 AM,18,2020,202018
1267,2020-04-30,Personal Spending MoM MAR,8:30 AM,18,2020,202018
1269,2020-05-05,Balance of Trade MAR,8:30 AM,19,2020,202019
1271,2020-05-08,Non Farm Payrolls APR,8:30 AM,19,2020,202019
1273,2020-05-12,Inflation Rate YoY APR,8:30 AM,20,2020,202020
1274,2020-05-12,Core Inflation Rate YoY APR,8:30 AM,20,2020,202020
1276,2020-05-15,Retail Sales MoM APR,8:30 AM,20,2020,202020
1278,2020-05-28,Durable Goods Orders MoM APR,8:30 AM,22,2020,202022
1280,2020-05-29,Personal Spending MoM APR,8:30 AM,22,2020,202022
1281,2020-05-29,Personal Income MoM APR,8:30 AM,22,2020,202022
1283,2020-06-04,Balance of Trade APR,8:30 AM,23,2020,202023
1285,2020-06-05,Non Farm Payrolls MAY,8:30 AM,23,2020,202023
1287,2020-06-10,Inflation Rate YoY MAY,8:30 AM,24,2020,202024
1288,2020-06-10,Core Inflation Rate YoY MAY,8:30 AM,24,2020,202024
1290,2020-06-16,Retail Sales MoM MAY,8:30 AM,25,2020,202025
1292,2020-06-25,Durable Goods Orders MoM MAY,8:30 AM,26,2020,202026
1294,2020-06-26,Personal Income MoM MAY,8:30 AM,26,2020,202026
1295,2020-06-26,Personal Spending MoM MAY,8:30 AM,26,2020,202026
1297,2020-07-02,Non Farm Payrolls JUN,8:30 AM,27,2020,202027
1298,2020-07-02,Balance of Trade MAY,8:30 AM,27,2020,202027
1300,2020-07-14,Core Inflation Rate YoY JUN,8:30 AM,29,2020,202029
1301,2020-07-14,Inflation Rate YoY JUN,8:30 AM,29,2020,202029
1303,2020-07-16,Retail Sales MoM JUN,8:30 AM,29,2020,202029
1305,2020-07-27,Durable Goods Orders MoM JUN,8:30 AM,31,2020,202031
1307,2020-07-31,Personal Spending MoM JUN,8:30 AM,31,2020,202031
1308,2020-07-31,Personal Income MoM JUN,8:30 AM,31,2020,202031
1310,2020-08-05,Balance of Trade JUN,8:30 AM,32,2020,202032
1312,2020-08-07,Non Farm Payrolls JUL,8:30 AM,32,2020,202032
1314,2020-08-12,Inflation Rate YoY JUL,8:30 AM,33,2020,202033
1315,2020-08-12,Core Inflation Rate YoY JUL,8:30 AM,33,2020,202033
1317,2020-08-14,Retail Sales MoM JUL,8:30 AM,33,2020,202033
1319,2020-08-26,Durable Goods Orders MoM JUL,8:30 AM,35,2020,202035
1321,2020-08-28,Personal Income MoM JUL,8:30 AM,35,2020,202035
1322,2020-08-28,Personal Spending MoM JUL,8:30 AM,35,2020,202035
1324,2020-09-03,Balance of Trade JUL,8:30 AM,36,2020,202036
1326,2020-09-04,Non Farm Payrolls AUG,8:30 AM,36,2020,202036
1328,2020-09-11,Inflation Rate YoY AUG,8:30 AM,37,2020,202037
1329,2020-09-11,Core Inflation Rate YoY AUG,8:30 AM,37,2020,202037
1331,2020-09-16,Retail Sales MoM AUG,8:30 AM,38,2020,202038
1333,2020-09-25,Durable Goods Orders MoM AUG,8:30 AM,39,2020,202039
1335,2020-10-01,Personal Spending MoM AUG,8:30 AM,40,2020,202040
1336,2020-10-01,Personal Income MoM AUG,8:30 AM,40,2020,202040
1338,2020-10-02,Non Farm Payrolls SEP,8:30 AM,40,2020,202040
1340,2020-10-06,Balance of Trade AUG,8:30 AM,41,2020,202041
1342,2020-10-13,Core Inflation Rate YoY SEP,8:30 AM,42,2020,202042
1343,2020-10-13,Inflation Rate YoY SEP,8:30 AM,42,2020,202042
1345,2020-10-16,Retail Sales MoM SEP,8:30 AM,42,2020,202042
1347,2020-10-27,Durable Goods Orders MoM SEP,8:30 AM,44,2020,202044
1349,2020-10-29,GDP Growth Rate QoQ Adv Q3,8:30 AM,44,2020,202044
1351,2020-10-30,Personal Income MoM SEP,8:30 AM,44,2020,202044
1352,2020-10-30,Personal Spending MoM SEP,8:30 AM,44,2020,202044
1356,2020-11-04,Balance of Trade SEP,9:30 AM,45,2020,202045
1358,2020-11-06,Non Farm Payrolls OCT,9:30 AM,45,2020,202045
1360,2020-11-12,Inflation Rate YoY OCT,9:30 AM,46,2020,202046
1361,2020-11-12,Core Inflation Rate YoY OCT,9:30 AM,46,2020,202046
1363,2020-11-17,Retail Sales MoM OCT,9:30 AM,47,2020,202047
1365,2020-11-25,Durable Goods Orders MoM OCT,9:30 AM,48,2020,202048
1366,2020-11-25,Personal Spending MoM OCT,11:00 AM,48,2020,202048
1367,2020-11-25,Personal Income MoM OCT,11:00 AM,48,2020,202048
1369,2020-12-04,Non Farm Payrolls NOV,9:30 AM,49,2020,202049
1370,2020-12-04,Balance of Trade OCT,9:30 AM,49,2020,202049
1372,2020-12-10,Core Inflation Rate YoY NOV,9:30 AM,50,2020,202050
1373,2020-12-10,Inflation Rate YoY NOV,9:30 AM,50,2020,202050
1375,2020-12-16,Retail Sales MoM NOV,9:30 AM,51,2020,202051
1377,2020-12-23,Personal Income MoM NOV,9:30 AM,52,2020,202052
1378,2020-12-23,Personal Spending MoM NOV,9:30 AM,52,2020,202052
1379,2020-12-23,Durable Goods Orders MoM NOV,9:30 AM,52,2020,202052
1381,2021-01-07,Balance of Trade NOV,9:30 AM,1,2021,202101
1383,2021-01-08,Non Farm Payrolls DEC,9:30 AM,1,2021,202101
1385,2021-01-13,Inflation Rate YoY DEC,9:30 AM,2,2021,202102
1386,2021-01-13,Core Inflation Rate YoY DEC,9:30 AM,2,2021,202102
1388,2021-01-15,Retail Sales MoM DEC,9:30 AM,2,2021,202102
1390,2021-01-19,Treasury Secretary Yellen Senate Confirmation Hearing,11:00 AM,3,2021,202103
1392,2021-01-27,Durable Goods Orders MoM DEC,9:30 AM,4,2021,202104
1393,2021-01-27,Fed Interest Rate Decision,3:00 PM,4,2021,202104
1394,2021-01-27,Fed Press Conference,3:30 PM,4,2021,202104
1396,2021-01-28,GDP Growth Rate QoQ Adv Q4,9:30 AM,4,2021,202104
1398,2021-01-29,Personal Income MoM DEC,9:30 AM,4,2021,202104
1399,2021-01-29,Personal Spending MoM DEC,9:30 AM,4,2021,202104
1401,2021-02-05,Non Farm Payrolls JAN,9:30 AM,5,2021,202105
1402,2021-02-05,Balance of Trade DEC,9:30 AM,5,2021,202105
1404,2021-02-10,Core Inflation Rate YoY JAN,9:30 AM,6,2021,202106
1405,2021-02-10,Inflation Rate YoY JAN,9:30 AM,6,2021,202106
1407,2021-02-17,Retail Sales MoM JAN,9:30 AM,7,2021,202107
1408,2021-02-17,FOMC Minutes,3:00 PM,7,2021,202107
1410,2021-02-25,Durable Goods Orders MoM JAN,9:30 AM,8,2021,202108
1412,2021-02-26,Personal Income MoM JAN,9:30 AM,8,2021,202108
1413,2021-02-26,Personal Spending MoM JAN,9:30 AM,8,2021,202108
1415,2021-03-05,Non Farm Payrolls FEB,9:30 AM,9,2021,202109
1416,2021-03-05,Balance of Trade JAN,9:30 AM,9,2021,202109
1418,2021-03-10,Core Inflation Rate YoY FEB,9:30 AM,10,2021,202110
1419,2021-03-10,Inflation Rate YoY FEB,9:30 AM,10,2021,202110
1421,2021-03-16,Retail Sales MoM FEB,8:30 AM,11,2021,202111
1423,2021-03-17,FOMC Economic Projections,2:00 PM,11,2021,202111
1424,2021-03-17,Fed Interest Rate Decision,2:00 PM,11,2021,202111
1425,2021-03-17,Fed Press Conference,2:30 PM,11,2021,202111
1427,2021-03-24,Durable Goods Orders MoM FEB,8:30 AM,12,2021,202112
1429,2021-03-26,Personal Income MoM FEB,8:30 AM,12,2021,202112
1430,2021-03-26,Personal Spending MoM FEB,8:30 AM,12,2021,202112
1434,2021-04-02,Non Farm Payrolls MAR,8:30 AM,13,2021,202113
1436,2021-04-07,Balance of Trade FEB,8:30 AM,14,2021,202114
1437,2021-04-07,FOMC Minutes,2:00 PM,14,2021,202114
1439,2021-04-13,Inflation Rate YoY MAR,8:30 AM,15,2021,202115
1440,2021-04-13,Core Inflation Rate YoY MAR,8:30 AM,15,2021,202115
1442,2021-04-15,Retail Sales MoM MAR,8:30 AM,15,2021,202115
1444,2021-04-26,Durable Goods Orders MoM MAR,8:30 AM,17,2021,202117
1446,2021-04-28,Fed Interest Rate Decision,2:00 PM,17,2021,202117
1447,2021-04-28,Fed Press Conference,2:30 PM,17,2021,202117
1449,2021-04-29,GDP Growth Rate QoQ Adv Q1,8:30 AM,17,2021,202117
1451,2021-04-30,Personal Income MoM MAR,8:30 AM,17,2021,202117
1452,2021-04-30,Personal Spending MoM MAR,8:30 AM,17,2021,202117
1454,2021-05-04,Balance of Trade MAR,8:30 AM,18,2021,202118
1456,2021-05-07,Non Farm Payrolls APR,8:30 AM,18,2021,202118
1458,2021-05-12,Inflation Rate YoY APR,8:30 AM,19,2021,202119
1459,2021-05-12,Core Inflation Rate YoY APR,8:30 AM,19,2021,202119
1461,2021-05-14,Retail Sales MoM APR,8:30 AM,19,2021,202119
1463,2021-05-19,FOMC Minutes,2:00 PM,20,2021,202120
1465,2021-05-27,Durable Goods Orders MoM APR,8:30 AM,21,2021,202121
1467,2021-05-28,Personal Spending MoM APR,8:30 AM,21,2021,202121
1468,2021-05-28,Personal Income MoM APR,8:30 AM,21,2021,202121
1470,2021-06-04,Non Farm Payrolls MAY,8:30 AM,22,2021,202122
1472,2021-06-08,Balance of Trade APR,8:30 AM,23,2021,202123
1474,2021-06-10,Core Inflation Rate YoY MAY,8:30 AM,23,2021,202123
1475,2021-06-10,Inflation Rate YoY MAY,8:30 AM,23,2021,202123
1477,2021-06-15,Retail Sales MoM MAY,8:30 AM,24,2021,202124
1479,2021-06-16,FOMC Economic Projections,2:00 PM,24,2021,202124
1480,2021-06-16,Fed Interest Rate Decision,2:00 PM,24,2021,202124
1481,2021-06-16,Fed Press Conference,2:30 PM,24,2021,202124
1483,2021-06-24,Durable Goods Orders MoM MAY,8:30 AM,25,2021,202125
1485,2021-06-25,Personal Income MoM MAY,8:30 AM,25,2021,202125
1486,2021-06-25,Personal Spending MoM MAY,8:30 AM,25,2021,202125
1488,2021-07-02,Non Farm Payrolls JUN,8:30 AM,26,2021,202126
1489,2021-07-02,Balance of Trade MAY,8:30 AM,26,2021,202126
1491,2021-07-07,FOMC Minutes,2:00 PM,27,2021,202127
1493,2021-07-13,Inflation Rate YoY JUN,8:30 AM,28,2021,202128
1494,2021-07-13,Core Inflation Rate YoY JUN,8:30 AM,28,2021,202128
1496,2021-07-16,Retail Sales MoM JUN,8:30 AM,28,2021,202128
1498,2021-07-27,Durable Goods Orders MoM JUN,8:30 AM,30,2021,202130
1500,2021-07-28,Fed Interest Rate Decision,2:00 PM,30,2021,202130
1501,2021-07-28,Fed Press Conference,2:30 PM,30,2021,202130
1503,2021-07-29,GDP Growth Rate QoQ Adv Q2,8:30 AM,30,2021,202130
1505,2021-07-30,Personal Spending MoM JUN,8:30 AM,30,2021,202130
1506,2021-07-30,Personal Income MoM JUN,8:30 AM,30,2021,202130
1508,2021-08-05,Balance of Trade JUN,8:30 AM,31,2021,202131
1510,2021-08-06,Non Farm Payrolls JUL,8:30 AM,31,2021,202131
1512,2021-08-11,Inflation Rate YoY JUL,8:30 AM,32,2021,202132
1513,2021-08-11,Core Inflation Rate YoY JUL,8:30 AM,32,2021,202132
1515,2021-08-17,Retail Sales MoM JUL,8:30 AM,33,2021,202133
1517,2021-08-18,FOMC Minutes,2:00 PM,33,2021,202133
1519,2021-08-25,Durable Goods Orders MoM JUL,8:30 AM,34,2021,202134
1521,2021-08-27,Personal Income MoM JUL,8:30 AM,34,2021,202134
1522,2021-08-27,Personal Spending MoM JUL,8:30 AM,34,2021,202134
1524,2021-09-02,Balance of Trade JUL,8:30 AM,35,2021,202135
1526,2021-09-03,Non Farm Payrolls AUG,8:30 AM,35,2021,202135
1528,2021-09-14,Inflation Rate YoY AUG,8:30 AM,37,2021,202137
1529,2021-09-14,Core Inflation Rate YoY AUG,8:30 AM,37,2021,202137
1531,2021-09-16,Retail Sales MoM AUG,8:30 AM,37,2021,202137
1533,2021-09-22,FOMC Economic Projections,2:00 PM,38,2021,202138
1534,2021-09-22,Fed Interest Rate Decision,2:00 PM,38,2021,202138
1535,2021-09-22,Fed Press Conference,2:30 PM,38,2021,202138
1537,2021-09-27,Durable Goods Orders MoM AUG,8:30 AM,39,2021,202139
1539,2021-10-01,Personal Spending MoM AUG,8:30 AM,39,2021,202139
1540,2021-10-01,Personal Income MoM AUG,8:30 AM,39,2021,202139
1541,2021-10-01,ISM Manufacturing PMI SEP,10:00 AM,39,2021,202139
1543,2021-10-05,Balance of Trade AUG,8:30 AM,40,2021,202140
1545,2021-10-08,Non Farm Payrolls SEP,8:30 AM,40,2021,202140
1547,2021-10-12,JOLTs Job Openings AUG,10:00 AM,41,2021,202141
1549,2021-10-13,Inflation Rate YoY SEP,8:30 AM,41,2021,202141
1550,2021-10-13,Core Inflation Rate YoY SEP,8:30 AM,41,2021,202141
1551,2021-10-13,FOMC Minutes,2:00 PM,41,2021,202141
1553,2021-10-15,Retail Sales MoM SEP,8:30 AM,41,2021,202141
1554,2021-10-15,Michigan Consumer Sentiment Prel OCT,10:00 AM,41,2021,202141
1556,2021-10-19,Building Permits SEP,8:30 AM,42,2021,202142
1557,2021-10-19,Housing Starts SEP,8:30 AM,42,2021,202142
1559,2021-10-26,New Home Sales SEP,10:00 AM,43,2021,202143
1561,2021-10-27,Durable Goods Orders MoM SEP,8:30 AM,43,2021,202143
1563,2021-10-28,GDP Growth Rate QoQ Adv Q3,8:30 AM,43,2021,202143
1565,2021-10-29,Personal Income MoM SEP,8:30 AM,43,2021,202143
1566,2021-10-29,Personal Spending MoM SEP,8:30 AM,43,2021,202143
1568,2021-11-01,ISM Manufacturing PMI OCT,10:00 AM,44,2021,202144
1570,2021-11-03,Fed Interest Rate Decision,2:00 PM,44,2021,202144
1571,2021-11-03,Fed Press Conference,2:30 PM,44,2021,202144
1573,2021-11-04,Balance of Trade SEP,8:30 AM,44,2021,202144
1575,2021-11-05,Non Farm Payrolls OCT,8:30 AM,44,2021,202144
1577,2021-11-09,PPI MoM OCT,9:30 AM,45,2021,202145
1579,2021-11-10,Inflation Rate YoY OCT,9:30 AM,45,2021,202145
1580,2021-11-10,Core Inflation Rate YoY OCT,9:30 AM,45,2021,202145
1582,2021-11-12,Michigan Consumer Sentiment Prel NOV,11:00 AM,45,2021,202145
1583,2021-11-12,JOLTs Job Openings SEP,11:00 AM,45,2021,202145
1587,2021-11-16,Retail Sales MoM OCT,9:30 AM,46,2021,202146
1589,2021-11-17,Building Permits OCT,9:30 AM,46,2021,202146
1590,2021-11-17,Housing Starts OCT,9:30 AM,46,2021,202146
1592,2021-11-22,Existing Home Sales MoM OCT,11:00 AM,47,2021,202147
1594,2021-11-23,Markit Manufacturing PMI Flash NOV,10:45 AM,47,2021,202147
1595,2021-11-23,Markit Services PMI Flash NOV,10:45 AM,47,2021,202147
1597,2021-11-24,Durable Goods Orders MoM OCT,9:30 AM,47,2021,202147
1598,2021-11-24,New Home Sales OCT,11:00 AM,47,2021,202147
1599,2021-11-24,Personal Spending MoM OCT,11:00 AM,47,2021,202147
1600,2021-11-24,Personal Income MoM OCT,11:00 AM,47,2021,202147
1601,2021-11-24,FOMC Minutes,3:00 PM,47,2021,202147
1603,2021-11-29,Fed Chair Powell Speech ,4:05 PM,48,2021,202148
1605,2021-11-30,Fed Chair Powell Testimony,11:00 AM,48,2021,202148
1607,2021-12-01,ADP Employment Change NOV,9:15 AM,48,2021,202148
1608,2021-12-01,ISM Manufacturing PMI NOV,11:00 AM,48,2021,202148
1610,2021-12-03,Non Farm Payrolls NOV,9:30 AM,48,2021,202148
1611,2021-12-03,Unemployment Rate NOV,9:30 AM,48,2021,202148
1612,2021-12-03,ISM Non-Manufacturing PMI NOV,11:00 AM,48,2021,202148
1614,2021-12-07,Balance of Trade OCT,9:30 AM,49,2021,202149
1616,2021-12-08,JOLTs Job Openings OCT,11:00 AM,49,2021,202149
1618,2021-12-10,Inflation Rate YoY NOV,9:30 AM,49,2021,202149
1619,2021-12-10,Core Inflation Rate YoY NOV,9:30 AM,49,2021,202149
1620,2021-12-10,Michigan Consumer Sentiment Prel DEC,11:00 AM,49,2021,202149
1622,2021-12-15,Retail Sales MoM NOV,9:30 AM,50,2021,202150
1623,2021-12-15,FOMC Economic Projections,3:00 PM,50,2021,202150
1624,2021-12-15,Fed Interest Rate Decision,3:00 PM,50,2021,202150
1625,2021-12-15,Fed Press Conference,3:30 PM,50,2021,202150
1627,2021-12-16,Building Permits NOV,9:30 AM,50,2021,202150
1628,2021-12-16,Housing Starts NOV,9:30 AM,50,2021,202150
1629,2021-12-16,Markit Manufacturing PMI Flash DEC,10:45 AM,50,2021,202150
1630,2021-12-16,Markit Services PMI Flash DEC,10:45 AM,50,2021,202150
1632,2021-12-23,Personal Income MoM NOV,9:30 AM,51,2021,202151
1633,2021-12-23,Personal Spending MoM NOV,9:30 AM,51,2021,202151
1634,2021-12-23,Durable Goods Orders MoM NOV,9:30 AM,51,2021,202151
1635,2021-12-23,New Home Sales NOV,11:00 AM,51,2021,202151
1637,2022-01-04,JOLTs Job Openings NOV,11:00 AM,1,2022,202201
1638,2022-01-04,ISM Manufacturing PMI DEC,11:00 AM,1,2022,202201
1640,2022-01-05,ADP Employment Change DEC,9:15 AM,1,2022,202201
1641,2022-01-05,FOMC Minutes,3:00 PM,1,2022,202201
1643,2022-01-06,Balance of Trade NOV,9:30 AM,1,2022,202201
1644,2022-01-06,ISM Non-Manufacturing PMI DEC,11:00 AM,1,2022,202201
1646,2022-01-07,Non Farm Payrolls DEC,9:30 AM,1,2022,202201
1647,2022-01-07,Unemployment Rate DEC,9:30 AM,1,2022,202201
1649,2022-01-11,Fed Chair Powell Testimony,11:00 AM,2,2022,202202
1651,2022-01-12,Inflation Rate YoY DEC,9:30 AM,2,2022,202202
1652,2022-01-12,Core Inflation Rate YoY DEC,9:30 AM,2,2022,202202
1654,2022-01-14,Retail Sales MoM DEC,9:30 AM,2,2022,202202
1655,2022-01-14,Michigan Consumer Sentiment Prel JAN,11:00 AM,2,2022,202202
1657,2022-01-19,Building Permits DEC,9:30 AM,3,2022,202203
1658,2022-01-19,Housing Starts DEC,9:30 AM,3,2022,202203
1660,2022-01-20,Existing Home Sales DEC,11:00 AM,3,2022,202203
1662,2022-01-24,Markit Composite PMI Flash JAN,10:45 AM,4,2022,202204
1664,2022-01-26,New Home Sales DEC,11:00 AM,4,2022,202204
1665,2022-01-26,Fed Interest Rate Decision,3:00 PM,4,2022,202204
1666,2022-01-26,Fed Press Conference,3:30 PM,4,2022,202204
1668,2022-01-27,Durable Goods Orders MoM DEC,9:30 AM,4,2022,202204
1669,2022-01-27,GDP Growth Rate QoQ Adv Q4,9:30 AM,4,2022,202204
1671,2022-01-28,Personal Income MoM DEC,9:30 AM,4,2022,202204
1672,2022-01-28,Personal Spending MoM DEC,9:30 AM,4,2022,202204
1674,2022-02-01,JOLTs Job Openings DEC,11:00 AM,5,2022,202205
1675,2022-02-01,ISM Manufacturing PMI JAN,11:00 AM,5,2022,202205
1677,2022-02-02,ADP Employment Change JAN,9:15 AM,5,2022,202205
1679,2022-02-03,ISM Non-Manufacturing PMI JAN,11:00 AM,5,2022,202205
1681,2022-02-04,Unemployment Rate JAN,9:30 AM,5,2022,202205
1682,2022-02-04,Non Farm Payrolls JAN,9:30 AM,5,2022,202205
1684,2022-02-08,Balance of Trade DEC,9:30 AM,6,2022,202206
1686,2022-02-10,Core Inflation Rate YoY JAN,9:30 AM,6,2022,202206
1687,2022-02-10,Inflation Rate YoY JAN,9:30 AM,6,2022,202206
1689,2022-02-11,Michigan Consumer Sentiment Prel FEB,11:00 AM,6,2022,202206
1691,2022-02-16,Retail Sales MoM JAN,9:30 AM,7,2022,202207
1692,2022-02-16,FOMC Minutes,3:00 PM,7,2022,202207
1694,2022-02-17,Building Permits JAN,9:30 AM,7,2022,202207
1695,2022-02-17,Housing Starts JAN,9:30 AM,7,2022,202207
1697,2022-02-18,Existing Home Sales JAN,11:00 AM,7,2022,202207
1699,2022-02-24,GDP Growth Rate QoQ 2nd Est Q4,9:30 AM,8,2022,202208
1700,2022-02-24,New Home Sales JAN,11:00 AM,8,2022,202208
1702,2022-02-25,Personal Income MoM JAN,9:30 AM,8,2022,202208
1703,2022-02-25,Personal Spending MoM JAN,9:30 AM,8,2022,202208
1704,2022-02-25,Durable Goods Orders MoM JAN,9:30 AM,8,2022,202208
1706,2022-03-01,ISM Manufacturing PMI FEB,11:00 AM,9,2022,202209
1708,2022-03-02,ADP Employment Change FEB,9:15 AM,9,2022,202209
1710,2022-03-03,ISM Non-Manufacturing PMI FEB,11:00 AM,9,2022,202209
1711,2022-03-03,Fed Chair Powell Testimony,11:00 AM,9,2022,202209
1713,2022-03-04,Non Farm Payrolls FEB,9:30 AM,9,2022,202209
1714,2022-03-04,Unemployment Rate FEB,9:30 AM,9,2022,202209
1716,2022-03-08,Balance of Trade JAN,9:30 AM,10,2022,202210
1718,2022-03-09,JOLTs Job Openings JAN,11:00 AM,10,2022,202210
1720,2022-03-10,Inflation Rate YoY FEB,9:30 AM,10,2022,202210
1721,2022-03-10,Core Inflation Rate YoY FEB,9:30 AM,10,2022,202210
1723,2022-03-11,Michigan Consumer Sentiment Prel MAR,11:00 AM,10,2022,202210
1725,2022-03-15,PPI MoM FEB,8:30 AM,11,2022,202211
1727,2022-03-16,Retail Sales MoM FEB,8:30 AM,11,2022,202211
1728,2022-03-16,Fed Interest Rate Decision,2:00 PM,11,2022,202211
1729,2022-03-16,FOMC Economic Projections,2:00 PM,11,2022,202211
1730,2022-03-16,Fed Press Conference,2:30 PM,11,2022,202211
1732,2022-03-17,Building Permits FEB,8:30 AM,11,2022,202211
1733,2022-03-17,Housing Starts FEB,8:30 AM,11,2022,202211
1735,2022-03-18,Existing Home Sales FEB,10:00 AM,11,2022,202211
1737,2022-03-23,New Home Sales FEB,10:00 AM,12,2022,202212
1739,2022-03-24,Durable Goods Orders MoM FEB,8:30 AM,12,2022,202212
1741,2022-03-29,JOLTs Job Openings FEB,10:00 AM,13,2022,202213
1743,2022-03-30,ADP Employment Change MAR,8:15 AM,13,2022,202213
1745,2022-03-31,Personal Income MoM FEB,8:30 AM,13,2022,202213
1746,2022-03-31,Personal Spending MoM FEB,8:30 AM,13,2022,202213
1748,2022-04-01,Unemployment Rate MAR,8:30 AM,13,2022,202213
1749,2022-04-01,Non Farm Payrolls MAR,8:30 AM,13,2022,202213
1750,2022-04-01,ISM Manufacturing PMI MAR,10:00 AM,13,2022,202213
1752,2022-04-05,Balance of Trade FEB,8:30 AM,14,2022,202214
1753,2022-04-05,ISM Non-Manufacturing PMI MAR,10:00 AM,14,2022,202214
1755,2022-04-06,FOMC Minutes,2:00 PM,14,2022,202214
1757,2022-04-12,Inflation Rate YoY MAR,8:30 AM,15,2022,202215
1758,2022-04-12,Core Inflation Rate YoY MAR,8:30 AM,15,2022,202215
1760,2022-04-13,PPI MoM MAR,8:30 AM,15,2022,202215
1762,2022-04-14,Retail Sales MoM MAR,8:30 AM,15,2022,202215
1763,2022-04-14,Michigan Consumer Sentiment Prel APR,10:00 AM,15,2022,202215
1765,2022-04-19,Building Permits MAR,8:30 AM,16,2022,202216
1766,2022-04-19,Housing Starts MAR,8:30 AM,16,2022,202216
1768,2022-04-20,Existing Home Sales MAR,10:00 AM,16,2022,202216
1770,2022-04-26,Durable Goods Orders MoM MAR,8:30 AM,17,2022,202217
1771,2022-04-26,New Home Sales MAR,10:00 AM,17,2022,202217
1773,2022-04-28,GDP Growth Rate QoQ Adv Q1,8:30 AM,17,2022,202217
1775,2022-04-29,Personal Income MoM MAR,8:30 AM,17,2022,202217
1776,2022-04-29,Personal Spending MoM MAR,8:30 AM,17,2022,202217
1778,2022-05-02,ISM Manufacturing PMI APR,10:00 AM,18,2022,202218
1780,2022-05-03,JOLTs Job Openings MAR,10:00 AM,18,2022,202218
1782,2022-05-04,ADP Employment Change APR,8:15 AM,18,2022,202218
1783,2022-05-04,Balance of Trade MAR,8:30 AM,18,2022,202218
1784,2022-05-04,ISM Non-Manufacturing PMI APR,10:00 AM,18,2022,202218
1785,2022-05-04,Fed Interest Rate Decision,2:00 PM,18,2022,202218
1786,2022-05-04,Fed Press Conference,2:30 PM,18,2022,202218
1788,2022-05-06,Non Farm Payrolls APR,8:30 AM,18,2022,202218
1789,2022-05-06,Unemployment Rate APR,8:30 AM,18,2022,202218
1791,2022-05-11,Inflation Rate YoY APR,8:30 AM,19,2022,202219
1792,2022-05-11,Core Inflation Rate YoY APR,8:30 AM,19,2022,202219
1794,2022-05-12,PPI MoM APR,8:30 AM,19,2022,202219
1796,2022-05-13,Michigan Consumer Sentiment Prel MAY,10:00 AM,19,2022,202219
1798,2022-05-17,Retail Sales MoM APR,8:30 AM,20,2022,202220
1799,2022-05-17,Fed Chair Powell Speech ,2:00 PM,20,2022,202220
1801,2022-05-18,Building Permits APR,8:30 AM,20,2022,202220
1802,2022-05-18,Housing Starts APR,8:30 AM,20,2022,202220
1804,2022-05-19,Existing Home Sales APR,10:00 AM,20,2022,202220
1806,2022-05-24,New Home Sales APR,10:00 AM,21,2022,202221
1808,2022-05-25,Durable Goods Orders MoM APR,8:30 AM,21,2022,202221
1809,2022-05-25,FOMC Minutes,2:00 PM,21,2022,202221
1811,2022-05-26,GDP Growth Rate QoQ 2nd Est Q1,8:30 AM,21,2022,202221
1813,2022-05-27,Personal Spending MoM APR,8:30 AM,21,2022,202221
1814,2022-05-27,Personal Income MoM APR,8:30 AM,21,2022,202221
1816,2022-06-01,JOLTs Job Openings APR,10:00 AM,22,2022,202222
1817,2022-06-01,ISM Manufacturing PMI MAY,10:00 AM,22,2022,202222
1819,2022-06-02,ADP Employment Change MAY,8:15 AM,22,2022,202222
1821,2022-06-03,Unemployment Rate MAY,8:30 AM,22,2022,202222
1822,2022-06-03,Non Farm Payrolls MAY,8:30 AM,22,2022,202222
1823,2022-06-03,ISM Non-Manufacturing PMI MAY,10:00 AM,22,2022,202222
1825,2022-06-07,Balance of Trade APR,8:30 AM,23,2022,202223
1827,2022-06-10,Core Inflation Rate YoY MAY,8:30 AM,23,2022,202223
1828,2022-06-10,Inflation Rate YoY MAY,8:30 AM,23,2022,202223
1829,2022-06-10,Michigan Consumer Sentiment Prel JUN,10:00 AM,23,2022,202223
1831,2022-06-14,PPI MoM MAY,8:30 AM,24,2022,202224
1833,2022-06-15,Retail Sales MoM MAY,8:30 AM,24,2022,202224
1834,2022-06-15,Fed Interest Rate Decision,2:00 PM,24,2022,202224
1835,2022-06-15,FOMC Economic Projections,2:00 PM,24,2022,202224
1836,2022-06-15,Fed Press Conference,2:30 PM,24,2022,202224
1838,2022-06-16,Building Permits MAY,8:30 AM,24,2022,202224
1839,2022-06-16,Housing Starts MAY,8:30 AM,24,2022,202224
1841,2022-06-21,Existing Home Sales MAY,10:00 AM,25,2022,202225
1843,2022-06-22,Fed Chair Powell Testimony,9:30 AM,25,2022,202225
1845,2022-06-23,Fed Chair Powell Testimony,10:00 AM,25,2022,202225
1847,2022-06-24,New Home Sales MAY,10:00 AM,25,2022,202225
1849,2022-06-27,Durable Goods Orders MoM MAY,8:30 AM,26,2022,202226
1851,2022-06-29,Fed Chair Powell Speech ,9:00 AM,26,2022,202226
1853,2022-06-30,Personal Income MoM MAY,8:30 AM,26,2022,202226
1854,2022-06-30,Personal Spending MoM MAY,8:30 AM,26,2022,202226
1856,2022-07-01,ISM Manufacturing PMI JUN,10:00 AM,26,2022,202226
1858,2022-07-06,ISM Non-Manufacturing PMI JUN,10:00 AM,27,2022,202227
1859,2022-07-06,JOLTs Job Openings MAY,10:00 AM,27,2022,202227
1860,2022-07-06,FOMC Minutes,2:00 PM,27,2022,202227
1862,2022-07-07,Balance of Trade MAY,8:30 AM,27,2022,202227
1864,2022-07-08,Non Farm Payrolls JUN,8:30 AM,27,2022,202227
1865,2022-07-08,Unemployment Rate JUN,8:30 AM,27,2022,202227
1867,2022-07-13,Inflation Rate YoY JUN,8:30 AM,28,2022,202228
1868,2022-07-13,Core Inflation Rate YoY JUN,8:30 AM,28,2022,202228
1870,2022-07-14,PPI MoM JUN,8:30 AM,28,2022,202228
1872,2022-07-15,Retail Sales MoM JUN,8:30 AM,28,2022,202228
1873,2022-07-15,Michigan Consumer Sentiment Prel JUL,10:00 AM,28,2022,202228
1875,2022-07-19,Building Permits JUN,8:30 AM,29,2022,202229
1876,2022-07-19,Housing Starts JUN,8:30 AM,29,2022,202229
1878,2022-07-20,Existing Home Sales JUN,10:00 AM,29,2022,202229
1880,2022-07-26,New Home Sales JUN,10:00 AM,30,2022,202230
1882,2022-07-27,Durable Goods Orders MoM JUN,8:30 AM,30,2022,202230
1883,2022-07-27,Fed Interest Rate Decision,2:00 PM,30,2022,202230
1884,2022-07-27,Fed Press Conference,2:30 PM,30,2022,202230
1886,2022-07-28,GDP Growth Rate QoQ Adv Q2,8:30 AM,30,2022,202230
1888,2022-07-29,Personal Spending MoM JUN,8:30 AM,30,2022,202230
1889,2022-07-29,Personal Income MoM JUN,8:30 AM,30,2022,202230
1891,2022-08-01,ISM Manufacturing PMI JUL,10:00 AM,31,2022,202231
1893,2022-08-02,JOLTs Job Openings JUN,10:00 AM,31,2022,202231
1895,2022-08-03,ISM Non-Manufacturing PMI JUL,10:00 AM,31,2022,202231
1897,2022-08-04,Balance of Trade JUN,8:30 AM,31,2022,202231
1899,2022-08-05,Unemployment Rate JUL,8:30 AM,31,2022,202231
1900,2022-08-05,Non Farm Payrolls JUL,8:30 AM,31,2022,202231
1902,2022-08-10,Inflation Rate YoY JUL,8:30 AM,32,2022,202232
1903,2022-08-10,Core Inflation Rate YoY JUL,8:30 AM,32,2022,202232
1905,2022-08-11,PPI MoM JUL,8:30 AM,32,2022,202232
1907,2022-08-12,Michigan Consumer Sentiment Prel AUG,10:00 AM,32,2022,202232
1909,2022-08-16,Building Permits JUL,8:30 AM,33,2022,202233
1910,2022-08-16,Housing Starts JUL,8:30 AM,33,2022,202233
1912,2022-08-17,Retail Sales MoM JUL,8:30 AM,33,2022,202233
1913,2022-08-17,FOMC Minutes,2:00 PM,33,2022,202233
1915,2022-08-18,Existing Home Sales JUL,10:00 AM,33,2022,202233
1917,2022-08-23,New Home Sales JUL,10:00 AM,34,2022,202234
1919,2022-08-24,Durable Goods Orders MoM JUL,8:30 AM,34,2022,202234
1921,2022-08-25,GDP Growth Rate QoQ 2nd Est Q2,8:30 AM,34,2022,202234
1923,2022-08-26,Personal Income MoM JUL,8:30 AM,34,2022,202234
1924,2022-08-26,Personal Spending MoM JUL,8:30 AM,34,2022,202234
1925,2022-08-26,Fed Chair Powell Speech ,10:00 AM,34,2022,202234
1927,2022-08-30,JOLTs Job Openings JUL,10:00 AM,35,2022,202235
1929,2022-09-01,ISM Manufacturing PMI AUG,10:00 AM,35,2022,202235
1931,2022-09-02,Non Farm Payrolls AUG,8:30 AM,35,2022,202235
1932,2022-09-02,Unemployment Rate AUG,8:30 AM,35,2022,202235
1934,2022-09-06,ISM Non-Manufacturing PMI AUG,10:00 AM,36,2022,202236
1936,2022-09-07,Balance of Trade JUL,8:30 AM,36,2022,202236
1938,2022-09-13,Core Inflation Rate YoY AUG,8:30 AM,37,2022,202237
1939,2022-09-13,Inflation Rate YoY AUG,8:30 AM,37,2022,202237
1941,2022-09-14,PPI MoM AUG,8:30 AM,37,2022,202237
1943,2022-09-15,Retail Sales MoM AUG,8:30 AM,37,2022,202237
1945,2022-09-16,Michigan Consumer Sentiment Prel SEP,10:00 AM,37,2022,202237
1947,2022-09-20,Building Permits AUG,8:30 AM,38,2022,202238
1948,2022-09-20,Housing Starts AUG,8:30 AM,38,2022,202238
1950,2022-09-21,Existing Home Sales AUG,10:00 AM,38,2022,202238
1951,2022-09-21,Fed Interest Rate Decision,2:00 PM,38,2022,202238
1952,2022-09-21,FOMC Economic Projections,2:00 PM,38,2022,202238
1953,2022-09-21,Fed Press Conference,2:30 PM,38,2022,202238
